id,origin,external_id,type_label,lat,lng,status,created_by,created_at,geom,wheelchair_access,dog_bowl,image_path,address
001bed49-b2bf-4771-9fc5-95bcbeeea7df,verified,vienna:2255319,outdoor_water_fountain,48.1812987145,16.4107888123,inactive,,2026-01-12 18:29:04.741631+00,0101000020E61000002564A27429693040CCCAD8CB34174840,,true,,Trinkbrunnen mit Tränke
006e8df8-10d2-4180-88a7-531c1f9941e5,verified,vienna:2254435,outdoor_water_fountain,48.2341505759,16.4077602345,inactive,,2026-01-12 18:29:04.741631+00,0101000020E61000006BC987F96268304040EA64A5F81D4840,,,,Trinkbrunnen
00bb912e-23d5-49c2-bb3f-73b3bab5f78f,verified,vienna:2255136,outdoor_water_fountain,48.2168092392,16.4051808623,inactive,,2026-01-12 18:29:04.741631+00,0101000020E6100000288BD8EEB9673040D6EAB767C01B4840,,,,Trinkbrunnen
00ce6912-d18c-4530-997e-df283b2225b9,verified,vienna:2255656,outdoor_water_fountain,48.190645892,16.331715703,inactive,,2026-01-12 18:29:04.741631+00,0101000020E610000064F4FF51EB543040DDA0A71567184840,,true,,Trinkbrunnen mit Tränke
0113c4eb-3b78-40db-a30f-4466f154ad0a,verified,vienna:2255157,outdoor_water_fountain,48.2808885387,16.483676304,inactive,,2026-01-12 18:29:04.741631+00,0101000020E6100000B887D335D27B3040D4C4D727F4234840,,,,Trinkbrunnen
02a427b4-df5c-4f0f-8da3-b4bc2160ec43,verified,vienna:2255511,outdoor_water_fountain,48.2765528759,16.4056541352,inactive,,2026-01-12 18:29:04.741631+00,0101000020E6100000D12B0CF3D867304079CDAA1566234840,,true,,Trinkbrunnen mit Tränke
02f8ea78-21b3-4a27-a055-58452d1090e7,verified,vienna:2255777,outdoor_water_fountain,48.1393410001,16.2778988626,inactive,,2026-01-12 18:29:04.741631+00,0101000020E61000006D763E6124473040F23507EDD5114840,,true,,Trinkbrunnen mit Tränke
037121ec-6b6c-46c6-bff0-a4eecdcb7c9a,verified,vienna:2255141,outdoor_water_fountain,48.2264342543,16.4031653,inactive,,2026-01-12 18:29:04.741631+00,0101000020E6100000CD6152D735673040D27432CCFB1C4840,,,,Trinkbrunnen
03775715-cb8c-467b-b78b-f8ca87516552,verified,vienna:2254412,outdoor_water_fountain,48.247263586,16.3883223891,inactive,,2026-01-12 18:29:04.741631+00,0101000020E6100000357D9918696330404CAE4B55A61F4840,,,,Trinkbrunnen
03df5a09-8291-4123-abeb-b6a523faae02,verified,vienna:2255232,outdoor_water_fountain,48.2340916947,16.3872619847,inactive,,2026-01-12 18:29:04.741631+00,0101000020E61000004345F79923633040388076B7F61D4840,,true,,Trinkbrunnen mit Tränke
040efcb9-a54b-4f3a-9126-73596d4aca13,verified,vienna:2255734,outdoor_water_fountain,48.1985717997,16.3764415443,inactive,,2026-01-12 18:29:04.741631+00,0101000020E6100000CE9F19795E60304047CFFCCC6A194840,,true,,Trinkbrunnen mit Tränke
041637f5-4c3a-4cf3-9a20-824501d0f2ab,verified,vienna:2255735,outdoor_water_fountain,48.2074569444,16.3411749757,inactive,,2026-01-12 18:29:04.741631+00,0101000020E610000058D8423E5757304057C3FBF28D1A4840,,,,Trinkbrunnen
046edd7c-6390-4224-b4c6-dab7b190cd0e,verified,vienna:2255419,outdoor_water_fountain,48.2242519884,16.4516214393,inactive,,2026-01-12 18:29:04.741631+00,0101000020E610000048F76F769D733040D81E064AB41C4840,,,,Trinkbrunnen
04f2e91b-df01-4e7e-b49b-7e87bf044edd,verified,vienna:2254440,outdoor_water_fountain,48.247016449,16.3937960375,inactive,,2026-01-12 18:29:04.741631+00,0101000020E61000005D5B2ED1CF643040B803293C9E1F4840,,,,Trinkbrunnen
04f49f0f-bf84-4ab0-8cac-47b8c3a89c72,verified,vienna:2255031,outdoor_water_fountain,48.154573943,16.4693719756,inactive,,2026-01-12 18:29:04.741631+00,0101000020E610000065DC04C328783040D8FF3614C9134840,,true,,Trinkbrunnen mit Tränke
04fa64ba-b0b0-4f49-9f53-5a590aef53f5,verified,vienna:2255264,outdoor_water_fountain,48.2263804023,16.3583624854,inactive,,2026-01-12 18:29:04.741631+00,0101000020E610000002E8D2A4BD5B3040BB2A7408FA1C4840,,true,,Trinkbrunnen mit Tränke
053cfc29-b39e-4c40-960d-cf2de4420016,verified,vienna:2255080,outdoor_water_fountain,48.1823672232,16.3473282917,inactive,,2026-01-12 18:29:04.741631+00,0101000020E6100000B9D3C581EA583040D0C025CF57174840,,true,,Trinkbrunnen mit Tränke
055d2efd-9c6a-4784-84b6-6f132a811532,verified,vienna:2254439,outdoor_water_fountain,48.2454832477,16.3957265845,inactive,,2026-01-12 18:29:04.741631+00,0101000020E6100000D59562564E6530402F4BBCFE6B1F4840,,,,Trinkbrunnen
057b1c47-f208-4da2-bbd4-8475375a7c19,verified,vienna:2255464,outdoor_water_fountain,48.2342310686,16.3337040534,inactive,,2026-01-12 18:29:04.741631+00,0101000020E610000049E5FBA06D5530400DAC9D48FB1D4840,,,,Trinkbrunnen
05ab0010-6792-4319-8501-d2f9dfdbcf73,verified,vienna:2254408,outdoor_water_fountain,48.2338546886,16.4022128543,inactive,,2026-01-12 18:29:04.741631+00,0101000020E6100000D33FEF6BF7663040D1C64FF3EE1D4840,,,,Trinkbrunnen
05b7aed0-4c1d-41ec-9fbf-9751ed569e54,verified,vienna:2255474,outdoor_water_fountain,48.2135778276,16.3328335228,inactive,,2026-01-12 18:29:04.741631+00,0101000020E61000004070E79334553040AB58AC84561B4840,,,,Trinkbrunnen
06ae6d37-79c4-4a20-a2f1-0e66b8ec8335,verified,vienna:2255265,outdoor_water_fountain,48.2264139744,16.3583505455,inactive,,2026-01-12 18:29:04.741631+00,0101000020E61000001F6D81DCBC5B3040E4B31322FB1C4840,,true,,Trinkbrunnen mit Tränke
06cae635-6ea4-4a42-ab9e-ba5c4f38261c,verified,vienna:2255135,outdoor_water_fountain,48.215122445,16.3823171053,inactive,,2026-01-12 18:29:04.741631+00,0101000020E610000003F7A788DF6130408DF4DC21891B4840,,,,Trinkbrunnen
06e70233-e628-49f9-b872-869e1cbb6a7c,verified,vienna:2255185,outdoor_water_fountain,48.2265818092,16.3390472105,inactive,,2026-01-12 18:29:04.741631+00,0101000020E6100000C4E548CCCB563040F630FAA1001D4840,,,,Trinkbrunnen
07fa3942-2871-44df-822c-8123a1b4c557,verified,vienna:2255573,outdoor_water_fountain,48.2168203305,16.3489047916,inactive,,2026-01-12 18:29:04.741631+00,0101000020E6100000F6560DD3515930407E4DC2C4C01B4840,,,,Trinkbrunnen
085766e9-d31b-44b2-a610-66bd1155bd9b,verified,vienna:2255152,outdoor_water_fountain,48.2537340101,16.4773675221,inactive,,2026-01-12 18:29:04.741631+00,0101000020E6100000919707C2347A304097A1255B7A204840,,,,Trinkbrunnen
08743a34-4022-4816-ae95-c00c756b50a3,verified,vienna:2255488,outdoor_water_fountain,48.1870427844,16.3258442956,inactive,,2026-01-12 18:29:04.741631+00,0101000020E6100000AE3021886A533040B3F99804F1174840,,,,Trinkbrunnen
08b17d21-8fb8-46ba-926d-3b3b75adf222,verified,vienna:2255113,outdoor_water_fountain,48.2317446922,16.4390477061,inactive,,2026-01-12 18:29:04.741631+00,0101000020E61000005415336E65703040A30261CFA91D4840,,,,Trinkbrunnen
08cd45a0-f921-4010-8c5f-77883637ebae,verified,vienna:2255664,outdoor_water_fountain,48.2915343004,16.3864320078,inactive,,2026-01-12 18:29:04.741631+00,0101000020E6100000EDA04335ED623040ACF0F6FE50254840,,true,,Trinkbrunnen mit Tränke
08d91f19-ad20-4865-804d-ec2bb673e70e,verified,vienna:2255111,outdoor_water_fountain,48.1960839731,16.3111537593,inactive,,2026-01-12 18:29:04.741631+00,0101000020E61000009138D4C5A74F3040FCDD954719194840,,,,Trinkbrunnen
09c9dbb5-072e-4a80-9ee3-036373c82cfc,verified,vienna:2254401,outdoor_water_fountain,48.1620391305,16.5123768584,inactive,,2026-01-12 18:29:04.741631+00,0101000020E6100000230E3A212B833040BB15BFB2BD144840,,,,Trinkbrunnen
09c9dc1e-957b-45da-98fc-461455e4c426,verified,vienna:2255593,outdoor_water_fountain,48.1353278876,16.2824154162,inactive,,2026-01-12 18:29:04.741631+00,0101000020E6100000197770604C48304048BD996C52114840,,true,,Trinkbrunnen mit Tränke
0a3376cc-7c6a-4778-8e9c-61ec0f0ab789,verified,vienna:2255332,outdoor_water_fountain,48.1942323145,16.3990412236,inactive,,2026-01-12 18:29:04.741631+00,0101000020E61000002A1ECD90276630404C4DBF9ADC184840,,,,Trinkbrunnen
0a3eb11a-9d53-407b-81ab-c5ddb77f18ee,verified,vienna:2255306,outdoor_water_fountain,48.1899908732,16.3615497077,inactive,,2026-01-12 18:29:04.741631+00,0101000020E61000002A738A858E5C30405C77F59E51184840,,true,,Trinkbrunnen mit Tränke
0a75f05c-ecd0-44c9-8e63-24e2571d3a42,verified,vienna:2255412,outdoor_water_fountain,48.2077341882,16.2447718154,inactive,,2026-01-12 18:29:04.741631+00,0101000020E610000024209E5DA93E3040414AAC08971A4840,,,,Trinkbrunnen
0bc8c0b9-97e8-465c-9e39-125c4f01000b,verified,vienna:2254404,outdoor_water_fountain,48.1918336813,16.4643070509,inactive,,2026-01-12 18:29:04.741631+00,0101000020E6100000EFEAAED3DC76304036BA8D018E184840,,,,Trinkbrunnen
0beadb9a-ebf1-48dc-90b1-53194be9bf30,verified,vienna:2255534,outdoor_water_fountain,48.2282988903,16.3358295684,inactive,,2026-01-12 18:29:04.741631+00,0101000020E6100000CC4E35EDF85530409BC6E5E5381D4840,,true,,Trinkbrunnen mit Tränke
0c04419c-078f-4043-aa75-470218b408d5,verified,vienna:2255139,outdoor_water_fountain,48.2242848673,16.4045308532,inactive,,2026-01-12 18:29:04.741631+00,0101000020E61000008CB780558F6730404605D55DB51C4840,,true,,Trinkbrunnen mit Tränke
0c1ea5a0-4119-48a5-8027-7dd902f4a297,verified,vienna:2255267,outdoor_water_fountain,48.1733447392,16.3716471515,inactive,,2026-01-12 18:29:04.741631+00,0101000020E610000014588944245F304019E6102930164840,,true,,Trinkbrunnen mit Tränke
0c41ce64-cf01-4eaf-b7f8-7b9b2d8378ab,verified,vienna:2255374,outdoor_water_fountain,48.1532848074,16.3564325446,inactive,,2026-01-12 18:29:04.741631+00,0101000020E61000007D49CA293F5B3040DA6029D69E134840,,true,,Trinkbrunnen mit Tränke
0ced773a-6ced-4699-8d74-ea0d2a90235b,verified,vienna:2254414,outdoor_water_fountain,48.2432404842,16.3910487187,inactive,,2026-01-12 18:29:04.741631+00,0101000020E61000008EF5D1C41B643040E2591281221F4840,,,,Trinkbrunnen
0de4af29-f49e-4e16-8bdd-c43ace6e94fc,verified,vienna:2255372,outdoor_water_fountain,48.1533690325,16.3516386923,inactive,,2026-01-12 18:29:04.741631+00,0101000020E6100000CC6F4BFE045A30404167B198A1134840,,true,,Trinkbrunnen mit Tränke
0ed7bd0a-0a34-4ae0-86e5-5b7b64c9637a,verified,vienna:2255070,outdoor_water_fountain,48.1730435416,16.328629795,inactive,,2026-01-12 18:29:04.741631+00,0101000020E610000025040E15215430405FFA6F4A26164840,,,,Trinkbrunnen
0f16be12-4f7d-4a88-adb1-e95b0cd0fc97,verified,vienna:2255482,outdoor_water_fountain,48.2127151655,16.3096562681,inactive,,2026-01-12 18:29:04.741631+00,0101000020E6100000AC7D18A2454F3040C69723403A1B4840,,true,,Trinkbrunnen mit Tränke
0f2185e5-458d-4f78-98d4-19be71349967,verified,vienna:2255378,outdoor_water_fountain,48.1941141543,16.3565190074,inactive,,2026-01-12 18:29:04.741631+00,0101000020E6100000752F65D4445B304061348CBBD8184840,,,,Trinkbrunnen
0f7511f0-78f8-4f50-9fd2-0b3b4a0e9bf0,verified,vienna:2255539,outdoor_water_fountain,48.2024499341,16.3889178216,inactive,,2026-01-12 18:29:04.741631+00,0101000020E6100000839A4C1E90633040B80423E1E9194840,,,,Trinkbrunnen
0fac7727-8678-4fef-b22f-2b016f183383,verified,vienna:2255331,outdoor_water_fountain,48.2017667449,16.3932482421,inactive,,2026-01-12 18:29:04.741631+00,0101000020E61000006C07B3EAAB6430400862217ED3194840,,true,,Trinkbrunnen mit Tränke
0fe3f57b-f739-4793-a929-e26e562c5d60,verified,vienna:2255226,outdoor_water_fountain,48.1667195575,16.3777397718,inactive,,2026-01-12 18:29:04.741631+00,0101000020E61000008E47BE8DB36030407688031157154840,,true,,Trinkbrunnen mit Tränke
100f5aa1-4cc0-4578-af4c-e5367036117d,verified,vienna:2255478,outdoor_water_fountain,48.1925694488,16.4416931729,inactive,,2026-01-12 18:29:04.741631+00,0101000020E6100000D378C4CD1271304002679E1DA6184840,,,,Trinkbrunnen
10d5a52d-8b45-4b9b-b25a-58738b885d6a,verified,vienna:2255752,outdoor_water_fountain,48.2406648822,16.4742176938,inactive,,2026-01-12 18:29:04.741631+00,0101000020E6100000380EAE54667930401F2C5B1BCE1E4840,,,,Trinkbrunnen
1145dd55-499b-4aa8-ba66-371551cf53eb,verified,vienna:2255346,outdoor_water_fountain,48.193823918,16.3439305962,inactive,,2026-01-12 18:29:04.741631+00,0101000020E6100000D5C5E6D50B5830400D7FDE38CF184840,,,,Trinkbrunnen
1180ca00-6ae7-414b-a592-8330da30c6d5,verified,vienna:2255146,outdoor_water_fountain,48.2164020526,16.3945592157,inactive,,2026-01-12 18:29:04.741631+00,0101000020E610000054C42FD501653040265AFD0FB31B4840,,,,Trinkbrunnen
11cf762d-be48-4dab-987a-1b69fd52b675,verified,vienna:2255044,outdoor_water_fountain,48.2345849396,16.3375897472,inactive,,2026-01-12 18:29:04.741631+00,0101000020E61000005CB01B486C563040AADB19E1061E4840,,true,,Trinkbrunnen mit Tränke
128b90f0-568b-4832-93eb-4bc676476fc7,verified,vienna:2255443,outdoor_water_fountain,48.2775064426,16.4124448176,inactive,,2026-01-12 18:29:04.741631+00,0101000020E610000027FFCAFB95693040BAB2C35485234840,,true,,Trinkbrunnen mit Tränke
130a6142-8ec4-44af-9dca-fb6c7cb8f17d,verified,vienna:2255566,outdoor_water_fountain,48.145179757,16.4020355097,inactive,,2026-01-12 18:29:04.741631+00,0101000020E610000000FE95CCEB663040992D124095124840,,true,,Trinkbrunnen mit Tränke
1369a28f-688e-4e00-b9f1-e5a588d4990e,verified,vienna:2255017,outdoor_water_fountain,48.1675075012,16.4163200055,inactive,,2026-01-12 18:29:04.741631+00,0101000020E6100000054BA8F2936A30408DBEC3E270154840,,true,,Trinkbrunnen mit Tränke
13d8f33f-cace-49ed-aca4-ca365ecdde17,verified,vienna:2255356,outdoor_water_fountain,48.1784511869,16.3753564739,inactive,,2026-01-12 18:29:04.741631+00,0101000020E61000000CBEA35C176030407DD50D7DD7164840,,true,,Trinkbrunnen mit Tränke
1420a467-85df-44b3-bc3a-2fd715062fe5,verified,vienna:2255003,outdoor_water_fountain,48.1978802678,16.3518487699,inactive,,2026-01-12 18:29:04.741631+00,0101000020E6100000BBDBCFC2125A3040C45CFF2354194840,,true,,Trinkbrunnen mit Tränke
155dcce9-0a9c-45da-99d6-574e5f1a6b52,verified,vienna:2255096,outdoor_water_fountain,48.1402440451,16.3152044745,inactive,,2026-01-12 18:29:04.741631+00,0101000020E6100000C6878D3DB1503040E5945184F3114840,,true,,Trinkbrunnen mit Tränke
15a6624e-27ba-4c08-bdcd-6b54ae490841,verified,vienna:2255154,outdoor_water_fountain,48.2145950905,16.3677259564,inactive,,2026-01-12 18:29:04.741631+00,0101000020E6100000DAA0CC49235E304032CA17DA771B4840,,,,Trinkbrunnen
15b1e71a-1471-4a3f-bf35-956685236d7f,verified,vienna:2255042,outdoor_water_fountain,48.2073687428,16.337986701,inactive,,2026-01-12 18:29:04.741631+00,0101000020E61000002647E34B86563040F244180F8B1A4840,,true,,Trinkbrunnen mit Tränke
16258703-0dda-411d-a3fb-8f6099f20513,verified,vienna:2255303,outdoor_water_fountain,48.2214576455,16.3539908439,inactive,,2026-01-12 18:29:04.741631+00,0101000020E61000004AA2D9249F5A3040936F60B9581C4840,,true,,Trinkbrunnen mit Tränke
165d7286-fe8b-45b5-b7ff-48f5c543ad00,verified,vienna:2255215,outdoor_water_fountain,48.1829468421,16.3509546629,inactive,,2026-01-12 18:29:04.741631+00,0101000020E6100000C2882F2AD8593040EDDC57CD6A174840,,true,,Trinkbrunnen mit Tränke
1758b857-33cc-4176-a985-07b22bccad53,verified,vienna:2255462,outdoor_water_fountain,48.2207984368,16.3426337576,inactive,,2026-01-12 18:29:04.741631+00,0101000020E6100000C9658FD8B65730402F88881F431C4840,,true,,Trinkbrunnen mit Tränke
17ac09dc-57b1-443c-b888-6bc407c49c49,verified,vienna:2255172,outdoor_water_fountain,48.2452289046,16.4415298644,inactive,,2026-01-12 18:29:04.741631+00,0101000020E610000029CEE719087130403CA526A9631F4840,,true,,Trinkbrunnen mit Tränke
17b9f1dd-8440-4f01-8447-70a35df0795e,verified,vienna:2255490,outdoor_water_fountain,48.2005769565,16.345730371,inactive,,2026-01-12 18:29:04.741631+00,0101000020E6100000CFAD1CC981583040D63F7681AC194840,,true,,Trinkbrunnen mit Tränke
17c33ebc-e562-4c0a-aced-dfea8807bed7,verified,vienna:2255347,outdoor_water_fountain,48.1934736887,16.3420976824,inactive,,2026-01-12 18:29:04.741631+00,0101000020E610000005F2B5B6935730402FCDEEBEC3184840,,true,,Trinkbrunnen mit Tränke
17e74a02-9349-40c2-bd12-055c2a526ff3,verified,vienna:2255201,outdoor_water_fountain,48.1765213123,16.3800685345,inactive,,2026-01-12 18:29:04.741631+00,0101000020E610000089EAE52B4C61304010B0174098164840,,true,,Trinkbrunnen mit Tränke
18117509-4227-4a4a-b319-2240229a026e,verified,vienna:2255018,outdoor_water_fountain,48.1690130534,16.4186190492,inactive,,2026-01-12 18:29:04.741631+00,0101000020E6100000EFCB359E2A6B30409D794038A2154840,,true,,Trinkbrunnen mit Tränke
191ab36d-73ec-4b3a-b445-15a4b7decd84,verified,vienna:2255454,outdoor_water_fountain,48.2061681077,16.4058683295,inactive,,2026-01-12 18:29:04.741631+00,0101000020E610000045AFA1FCE66730405D0670B7631A4840,,,,Trinkbrunnen
1955b2aa-e93f-4ab6-afae-8a03f65baf54,verified,vienna:2255540,outdoor_water_fountain,48.2141258439,16.3047176468,inactive,,2026-01-12 18:29:04.741631+00,0101000020E61000002485C7F9014E3040B363C479681B4840,,true,,Trinkbrunnen mit Tränke
1969f2f5-0c87-4b10-88fd-42bb6492f3b6,verified,vienna:2255472,outdoor_water_fountain,48.210643378,16.3318049684,inactive,,2026-01-12 18:29:04.741631+00,0101000020E6100000A6ED9F2BF154304082D0B95CF61A4840,,,,Trinkbrunnen
196c0ad7-3290-4e09-b7e0-988690624c71,verified,vienna:2255793,outdoor_water_fountain,48.1542951653,16.2898930926,inactive,,2026-01-12 18:29:04.741631+00,0101000020E6100000A50D086F364A30407C72A8F1BF134840,,,,Trinkbrunnen
199dc342-f4f7-48cf-af7c-a9846a65a8a0,verified,vienna:2254424,outdoor_water_fountain,48.2055099425,16.448398934,inactive,,2026-01-12 18:29:04.741631+00,0101000020E61000005D17C545CA7230402A0559264E1A4840,,,,Trinkbrunnen
1aa232b3-65aa-40ce-9c37-58f959a1c5b1,verified,vienna:2255224,outdoor_water_fountain,48.2270753607,16.3971246405,inactive,,2026-01-12 18:29:04.741631+00,0101000020E61000001D62DFF5A96530408AF72FCE101D4840,,true,,Trinkbrunnen mit Tränke
1abcfcd5-c638-457f-b4ef-7595ce224298,verified,vienna:2255150,outdoor_water_fountain,48.1987919745,16.2838079643,inactive,,2026-01-12 18:29:04.741631+00,0101000020E6100000490385A3A7483040A697F20372194840,,true,,Trinkbrunnen mit Tränke
1ae7001e-213b-444b-b5c8-49d8e11ed34b,verified,vienna:2255745,outdoor_water_fountain,48.1888763077,16.3396870906,inactive,,2026-01-12 18:29:04.741631+00,0101000020E61000001900B1BBF5563040C6474E192D184840,,true,,Trinkbrunnen mit Tränke
1ae8c2c5-a743-4d6a-898c-0308d19721a5,verified,vienna:2255475,outdoor_water_fountain,48.2059901475,16.3341190953,inactive,,2026-01-12 18:29:04.741631+00,0101000020E610000059483BD488553040C66799E25D1A4840,,true,,Trinkbrunnen mit Tränke
1b59176d-dbdf-4f4a-a27f-74d7b5dbf73d,verified,vienna:2255025,outdoor_water_fountain,48.2685945245,16.3829817636,inactive,,2026-01-12 18:29:04.741631+00,0101000020E61000005CA0C5170B6230405C4E2D4E61224840,,true,,Trinkbrunnen mit Tränke
1b71f345-b979-48e8-92a0-eca9a76c60db,verified,vienna:2255313,outdoor_water_fountain,48.2060978498,16.3546822691,inactive,,2026-01-12 18:29:04.741631+00,0101000020E61000006D410A75CC5A30405E55126A611A4840,,true,,Trinkbrunnen mit Tränke
1bb669f0-c8d3-4984-97ef-42a5f3bb799b,verified,vienna:2255290,outdoor_water_fountain,48.1995734042,16.3730094934,inactive,,2026-01-12 18:29:04.741631+00,0101000020E61000002340D78C7D5F30405F180E9F8B194840,,true,,Trinkbrunnen mit Tränke
1c7d8e3e-2b3a-4a17-9faa-1ea875b8f2e5,verified,vienna:2255251,outdoor_water_fountain,48.1980001389,16.3309011733,inactive,,2026-01-12 18:29:04.741631+00,0101000020E6100000128875F0B5543040E8968C1158194840,,true,,Trinkbrunnen mit Tränke
1d128108-76d8-4a14-a9de-4d23c2acd9a5,verified,vienna:2255515,outdoor_water_fountain,48.2189414535,16.3940681716,inactive,,2026-01-12 18:29:04.741631+00,0101000020E6100000A16AD5A6E1643040B7420746061C4840,,true,,Trinkbrunnen mit Tränke
1e2ea451-ff14-4ccb-9b5e-3ee393fedf1a,verified,vienna:2255292,outdoor_water_fountain,48.1670832096,16.3846761943,inactive,,2026-01-12 18:29:04.741631+00,0101000020E610000078119A237A623040AB788CFB62154840,,,,Trinkbrunnen
1e992750-383b-415b-b75a-d568c1c35f36,verified,vienna:2255001,outdoor_water_fountain,48.2035023133,16.3320103411,inactive,,2026-01-12 18:29:04.741631+00,0101000020E610000053F534A1FE5430405524225D0C1A4840,,,,Trinkbrunnen
1f781b88-2799-4f77-b4c8-156503b3da96,verified,vienna:2255158,outdoor_water_fountain,48.2384078765,16.4391647382,inactive,,2026-01-12 18:29:04.741631+00,0101000020E61000001A20AC196D70304091563826841E4840,,,,Trinkbrunnen
1f8e7fcc-2b2d-4ae9-9091-764d707da29b,verified,vienna:2255245,outdoor_water_fountain,48.186604745,16.3867873372,inactive,,2026-01-12 18:29:04.741631+00,0101000020E6100000EBC7B37E04633040D6860EAAE2174840,,true,,Trinkbrunnen mit Tränke
1fa5dc9c-e26f-48d5-a9e2-9fd40e55e94e,verified,vienna:2255049,outdoor_water_fountain,48.2516042313,16.3996786172,inactive,,2026-01-12 18:29:04.741631+00,0101000020E6100000D5C87D5651663040FF7B449134204840,,,,Trinkbrunnen
1ffc05fc-cd4e-4d77-8188-437876ab099f,verified,vienna:2255190,outdoor_water_fountain,48.201906555,16.3356908933,inactive,,2026-01-12 18:29:04.741631+00,0101000020E6100000DD49A0D6EF5530405949F112D8194840,,,,Trinkbrunnen
20416a29-3792-48c3-8806-989f45ac65e5,verified,vienna:2255046,outdoor_water_fountain,48.1878727447,16.3109746641,inactive,,2026-01-12 18:29:04.741631+00,0101000020E6100000B0311C099C4F3040EC25CF360C184840,,true,,Trinkbrunnen mit Tränke
20558a2a-4235-406b-92f1-d774eea45388,verified,vienna:2255410,outdoor_water_fountain,48.2127566084,16.3210690918,inactive,,2026-01-12 18:29:04.741631+00,0101000020E61000009409819531523040FE8AC99B3B1B4840,,true,,Trinkbrunnen mit Tränke
20fbfbf8-5430-4bcb-9e91-e4f774390955,verified,vienna:2255259,outdoor_water_fountain,48.1924453787,16.3470567772,inactive,,2026-01-12 18:29:04.741631+00,0101000020E6100000DDED83B6D858304034E4D70CA2184840,,,,Trinkbrunnen
21578bea-1643-4f5a-9512-c9a71a9ab2cf,verified,vienna:2255324,outdoor_water_fountain,48.1800876593,16.2894442076,inactive,,2026-01-12 18:29:04.741631+00,0101000020E61000009CA8FD03194A3040A88DC71C0D174840,,,,Trinkbrunnen
21e8ba31-1bb5-4d11-8084-88be42ca263b,verified,vienna:2255236,outdoor_water_fountain,48.187859911,16.355340386,inactive,,2026-01-12 18:29:04.741631+00,0101000020E61000006AD16896F75A3040BBFC26CB0B184840,,true,,Trinkbrunnen mit Tränke
2221e04f-4823-4d5d-8253-15a6dec39a4a,verified,vienna:2255153,outdoor_water_fountain,48.2750691708,16.4131120011,inactive,,2026-01-12 18:29:04.741631+00,0101000020E6100000434F46B5C1693040A75C727735234840,,,,Trinkbrunnen
22b21b64-41c4-4f9c-9386-082328f0c07f,verified,vienna:2255401,outdoor_water_fountain,48.1486552847,16.3172686601,inactive,,2026-01-12 18:29:04.741631+00,0101000020E6100000DD2CD784385130400015E92207134840,,,,Trinkbrunnen
23bb4685-1e96-4651-b77c-153c293524ad,verified,vienna:2255495,outdoor_water_fountain,48.1506209447,16.4014620495,inactive,,2026-01-12 18:29:04.741631+00,0101000020E610000009308537C666304021CA0F8C47134840,,true,,Trinkbrunnen mit Tränke
2406e507-6abc-4d64-b4ec-39dfc28f94e7,verified,vienna:2255244,outdoor_water_fountain,48.1976501306,16.4013218425,inactive,,2026-01-12 18:29:04.741631+00,0101000020E61000003DB53C07BD663040137D77994C194840,,true,,Trinkbrunnen mit Tränke
24bf5f07-05f3-486c-8e4a-63ca1312e1ea,verified,vienna:2254421,outdoor_water_fountain,48.2001281206,16.4564087787,inactive,,2026-01-12 18:29:04.741631+00,0101000020E6100000B11FAA34D7743040547E5ACC9D194840,,,,Trinkbrunnen
24dc698e-8ccc-47da-b6d4-417677458514,verified,vienna:2255137,outdoor_water_fountain,48.2171870217,16.3860719654,inactive,,2026-01-12 18:29:04.741631+00,0101000020E6100000A24BC19CD562304098A8C9C8CC1B4840,,true,,Trinkbrunnen mit Tränke
25103a64-308e-48ed-b210-2a97ba3f468f,verified,vienna:2255037,outdoor_water_fountain,48.2585887019,16.4437556002,inactive,,2026-01-12 18:29:04.741631+00,0101000020E61000009E468EF79971304047E3406F19214840,,,,Trinkbrunnen
254ea5e3-1318-42d6-bf2c-ac6321ea2996,verified,vienna:2255353,outdoor_water_fountain,48.1721438007,16.3863879799,inactive,,2026-01-12 18:29:04.741631+00,0101000020E6100000EE3C9952EA6230409A1BDDCE08164840,,,,Trinkbrunnen
2571959a-29dc-4689-8b0a-7b33fb4551c7,verified,vienna:2255206,outdoor_water_fountain,48.1859575386,16.3499326214,inactive,,2026-01-12 18:29:04.741631+00,0101000020E610000070B72C2F95593040A75DE574CD174840,,true,,Trinkbrunnen mit Tränke
25dc9bde-cc20-4f92-b868-b1ec1ec0ab9b,verified,vienna:2255093,outdoor_water_fountain,48.1737417929,16.2759250984,inactive,,2026-01-12 18:29:04.741631+00,0101000020E610000009C6F906A34630401A3ACB2B3D164840,,,,Trinkbrunnen
26a092a1-2fe7-4dbd-a169-446daf624982,verified,vienna:2255043,outdoor_water_fountain,48.2342495388,16.3299536854,inactive,,2026-01-12 18:29:04.741631+00,0101000020E6100000D8FC3FD877543040E21F8EE3FB1D4840,,true,,Trinkbrunnen mit Tränke
26ad9b59-d279-4d6d-8b0f-720df925031a,verified,vienna:2255666,outdoor_water_fountain,48.2102218336,16.359410088,inactive,,2026-01-12 18:29:04.741631+00,0101000020E6100000FFCFAD4C025C3040CC1B8E8CE81A4840,,true,,Trinkbrunnen mit Tränke
26c333fa-99f1-4d34-aedc-8ddd5ea1fe2b,verified,vienna:2255180,outdoor_water_fountain,48.2012848783,16.3075530157,inactive,,2026-01-12 18:29:04.741631+00,0101000020E6100000BA3760CBBB4E30402ABDF0B3C3194840,,true,,Trinkbrunnen mit Tränke
271c4746-2371-40ff-8bd2-c3fd392a306e,verified,vienna:2255097,outdoor_water_fountain,48.139429376,16.2800623117,inactive,,2026-01-12 18:29:04.741631+00,0101000020E6100000FA97E529B2473040C70261D2D8114840,,,,Trinkbrunnen
272266d9-796b-49fa-9dc8-68a413d93f02,verified,vienna:2255756,outdoor_water_fountain,48.1321407473,16.2557532851,inactive,,2026-01-12 18:29:04.741631+00,0101000020E61000005C591B0C79413040AE0FEEFCE9104840,,true,,Trinkbrunnen mit Tränke
27467fe4-20bc-4cd2-b4ac-0d1a60c97245,verified,vienna:2255228,outdoor_water_fountain,48.2263358474,16.3965257633,inactive,,2026-01-12 18:29:04.741631+00,0101000020E61000001B6561B6826530406B3FB392F81C4840,,true,,Trinkbrunnen mit Tränke
2748c52a-8621-4e95-89ff-47201fc59259,verified,vienna:2255118,outdoor_water_fountain,48.2368024822,16.4494447731,inactive,,2026-01-12 18:29:04.741631+00,0101000020E610000099D209D00E7330408F54328B4F1E4840,,true,,Trinkbrunnen mit Tränke
278b0443-4a30-46dc-a5de-4f62412f9cd5,verified,vienna:2255595,outdoor_water_fountain,48.2022793161,16.2499261876,inactive,,2026-01-12 18:29:04.741631+00,0101000020E6100000ED27A229FB3F304043A7E349E4194840,,true,,Trinkbrunnen mit Tränke
27b616a8-cdc7-4340-801c-af90556407d8,verified,vienna:2255409,outdoor_water_fountain,48.1481554693,16.2920205749,inactive,,2026-01-12 18:29:04.741631+00,0101000020E610000062F442DCC14A3040FBAE27C2F6124840,,true,,Trinkbrunnen mit Tränke
27c30336-5337-43a1-9d8b-7293557da378,verified,vienna:2255000,outdoor_water_fountain,48.2040234361,16.3323626692,inactive,,2026-01-12 18:29:04.741631+00,0101000020E610000011A04AB81555304062D5A0701D1A4840,,true,,Trinkbrunnen mit Tränke
27f7c1bd-1a1e-4c1d-a03c-2e3508366ba7,verified,vienna:2255013,outdoor_water_fountain,48.2526070404,16.3581443956,inactive,,2026-01-12 18:29:04.741631+00,0101000020E61000000259E259AF5B3040F1A0706D55204840,,true,,Trinkbrunnen mit Tränke
27fc9f15-eaf2-42b3-bd4f-031fc15a9763,verified,vienna:2255253,outdoor_water_fountain,48.2064245808,16.35543617,inactive,,2026-01-12 18:29:04.741631+00,0101000020E61000002BF765DDFD5A304031D0E31E6C1A4840,,true,,Trinkbrunnen mit Tränke
280fb604-0fd1-40e5-bfa0-5c4f905e8e20,verified,vienna:2255584,outdoor_water_fountain,48.2524857046,16.398782678,inactive,,2026-01-12 18:29:04.741631+00,0101000020E6100000A738209F1666304075FB997351204840,,,,Trinkbrunnen
2853cd1f-c7d6-46cf-a468-c98daa6822eb,verified,vienna:2255130,outdoor_water_fountain,48.2216841783,16.3691809975,inactive,,2026-01-12 18:29:04.741631+00,0101000020E6100000319156A5825E304069EBAB25601C4840,,true,,Trinkbrunnen mit Tränke
2908b952-cb82-416a-b63d-864e96355321,verified,vienna:2254409,outdoor_water_fountain,48.2382904624,16.3972558346,inactive,,2026-01-12 18:29:04.741631+00,0101000020E61000008FC0F18EB2653040767A474D801E4840,,,,Trinkbrunnen
291f08c7-34cd-4f59-9708-5fdeabdab11a,verified,vienna:2255748,outdoor_water_fountain,48.2129137905,16.3259277159,inactive,,2026-01-12 18:29:04.741631+00,0101000020E610000086A6B0FF6F5330404E8853C2401B4840,,,,Trinkbrunnen
299ecc1e-3e06-4c60-9f11-80296b35cefb,verified,vienna:2255618,outdoor_water_fountain,48.2881909319,16.4318239319,inactive,,2026-01-12 18:29:04.741631+00,0101000020E6100000002461038C6E3040D3C1C170E3244840,,,,Trinkbrunnen
29c62906-5a04-49a3-ac1e-de4a4d0d5332,verified,vienna:2255423,outdoor_water_fountain,48.2446929133,16.3258242167,inactive,,2026-01-12 18:29:04.741631+00,0101000020E6100000A8F8423769533040DE17EE18521F4840,,,,Trinkbrunnen
29d35d94-d44f-4755-af60-c005eb941481,verified,vienna:2255505,outdoor_water_fountain,48.156097082,16.4416198124,inactive,,2026-01-12 18:29:04.741631+00,0101000020E61000000E86FBFE0D71304074183BFDFA134840,,true,,Trinkbrunnen mit Tränke
29f662bb-dd11-4281-9fd5-4a5543b2beb2,verified,vienna:2255498,outdoor_water_fountain,48.1886827674,16.3260946104,inactive,,2026-01-12 18:29:04.741631+00,0101000020E6100000E211B7EF7A533040A1A6C5C126184840,,true,,Trinkbrunnen mit Tränke
2a2357a4-08f3-4e84-84d6-ba93c7e4969a,verified,vienna:2255549,outdoor_water_fountain,48.2212692352,16.4845417811,inactive,,2026-01-12 18:29:04.741631+00,0101000020E6100000BE5E1FEE0A7C3040C065E08C521C4840,,,,Trinkbrunnen
2a5f8ce5-ba93-47fb-b6d9-94eb5ef2cc7c,verified,vienna:2255034,outdoor_water_fountain,48.1708398335,16.3683094564,inactive,,2026-01-12 18:29:04.741631+00,0101000020E6100000A80B4E87495E304048DE6414DE154840,,,,Trinkbrunnen
2a94e0b3-02c9-4ec1-8439-51c6afcc26a8,verified,vienna:2255335,outdoor_water_fountain,48.2028452972,16.2486337627,inactive,,2026-01-12 18:29:04.741631+00,0101000020E6100000597A5776A63F30408ACFAED5F6194840,,true,,Trinkbrunnen mit Tränke
2aec8518-7d59-4576-9a51-d02a6d3b5dae,verified,vienna:2255186,outdoor_water_fountain,48.2324113797,16.3498055097,inactive,,2026-01-12 18:29:04.741631+00,0101000020E6100000431F98DA8C593040CE83F5A7BF1D4840,,true,,Trinkbrunnen mit Tränke
2b632373-b556-4813-84d5-ce22e39aa402,verified,vienna:2255011,outdoor_water_fountain,48.2448648933,16.3377260939,inactive,,2026-01-12 18:29:04.741631+00,0101000020E61000006B4EA03775563040BD549ABB571F4840,,true,,Trinkbrunnen mit Tränke
2d0d4164-43cc-4bdc-9e84-f870512317c2,verified,vienna:2255142,outdoor_water_fountain,48.2256893121,16.4023975723,inactive,,2026-01-12 18:29:04.741631+00,0101000020E6100000AF04FD86036730405C432B63E31C4840,,,,Trinkbrunnen
2d9642a3-55b9-4cef-9651-1797530bd55d,verified,vienna:2255582,outdoor_water_fountain,48.1665187842,16.3259594434,inactive,,2026-01-12 18:29:04.741631+00,0101000020E6100000B139FD13725330408327CE7C50154840,,,,Trinkbrunnen
2db00fc0-32c3-4d94-9bb8-d885dd7f1eae,verified,vienna:2255023,outdoor_water_fountain,48.1539554491,16.4602081984,inactive,,2026-01-12 18:29:04.741631+00,0101000020E6100000A57A5934D07530407776E9CFB4134840,,true,,Trinkbrunnen mit Tränke
2db03f45-2f99-46f3-b92c-efbb7ea9f20e,verified,vienna:2255520,outdoor_water_fountain,48.1424784817,16.3905084972,inactive,,2026-01-12 18:29:04.741631+00,0101000020E6100000BB48685DF863304083A421BC3C124840,,true,,Trinkbrunnen mit Tränke
2f6078c9-c093-4536-98da-c89c49070497,verified,vienna:2255437,outdoor_water_fountain,48.2914398911,16.4151738521,inactive,,2026-01-12 18:29:04.741631+00,0101000020E610000081EC64D5486A30401C8300E74D254840,,,,Trinkbrunnen
2f7d7308-e769-4620-a2ab-8d9a5a02b61d,verified,vienna:2255010,outdoor_water_fountain,48.2448934973,16.3387423092,inactive,,2026-01-12 18:29:04.741631+00,0101000020E610000018C9E3D0B75630400AF48CAB581F4840,,true,,Trinkbrunnen mit Tränke
2ffce1c8-1f8e-41c5-9592-c37081325248,verified,vienna:2255083,outdoor_water_fountain,48.1657331865,16.2809912449,inactive,,2026-01-12 18:29:04.741631+00,0101000020E6100000CE4ECF0AEF4730408FF0BBBE36154840,,,,Trinkbrunnen
3000bc05-c0b4-4522-b1cb-e69563484f9b,verified,vienna:2255444,outdoor_water_fountain,48.2292685598,16.5347851295,inactive,,2026-01-12 18:29:04.741631+00,0101000020E6100000F296A1ADE7883040C72B13AC581D4840,,true,,Trinkbrunnen mit Tränke
300d4d6f-dec7-4a47-9735-229fc743317d,verified,vienna:2255248,outdoor_water_fountain,48.2389835204,16.3338868784,inactive,,2026-01-12 18:29:04.741631+00,0101000020E6100000A24A479C7955304052331203971E4840,,true,,Trinkbrunnen mit Tränke
30c86296-8c85-4b08-9a0f-77f6b9232ad7,verified,vienna:2255218,outdoor_water_fountain,48.2265754459,16.3349439786,inactive,,2026-01-12 18:29:04.741631+00,0101000020E610000041147AE3BE553040CA1B996C001D4840,,true,,Trinkbrunnen mit Tränke
30d4c4c4-5d29-41ad-999c-b4ec012ae662,verified,vienna:2255634,outdoor_water_fountain,48.183192785,16.4176030415,inactive,,2026-01-12 18:29:04.741631+00,0101000020E6100000E0F36D08E86A3040163876DC72174840,,true,,Trinkbrunnen mit Tränke
3101db30-b660-4ace-97b0-899080e24986,verified,vienna:2255654,outdoor_water_fountain,48.2860322131,16.4437606471,inactive,,2026-01-12 18:29:04.741631+00,0101000020E6100000DA8B3A4C9A713040FA6E1CB49C244840,,,,Trinkbrunnen
318dac47-350d-4fab-826f-f070200d8034,verified,vienna:2255555,outdoor_water_fountain,48.2974068151,16.4203835677,inactive,,2026-01-12 18:29:04.741631+00,0101000020E61000001C0CEB419E6B3040233B306D11264840,,true,,Trinkbrunnen mit Tränke
320f85ac-6bca-460a-b0e5-7dd54edfca6c,verified,vienna:2255567,outdoor_water_fountain,48.1765284595,16.4256682148,inactive,,2026-01-12 18:29:04.741631+00,0101000020E610000041839597F86C3040D12E0C7C98164840,,true,,Trinkbrunnen mit Tränke
328b275e-b027-431d-96cd-490ce3d8e582,verified,vienna:2255418,outdoor_water_fountain,48.212735407,16.488845228,inactive,,2026-01-12 18:29:04.741631+00,0101000020E6100000CF10FBF5247D304014E2EFE93A1B4840,,,,Trinkbrunnen
32c5259b-a387-440c-98b1-ea85b404f9f5,verified,vienna:2255672,outdoor_water_fountain,48.188320491,16.3433749792,inactive,,2026-01-12 18:29:04.741631+00,0101000020E6100000BEED316CE75730407E01C7E21A184840,,,,Trinkbrunnen
3311ce63-59cd-46bf-b54a-7c6a2d1a5a9a,verified,vienna:2255352,outdoor_water_fountain,48.192425063,16.3022801102,inactive,,2026-01-12 18:29:04.741631+00,0101000020E6100000508AB33A624D304004426C62A1184840,,true,,Trinkbrunnen mit Tränke
34256806-7aed-4574-81de-ca04012969e4,verified,vienna:2255496,outdoor_water_fountain,48.1455836817,16.4068789997,inactive,,2026-01-12 18:29:04.741631+00,0101000020E61000000524DD3829683040CCDD6F7CA2124840,,true,,Trinkbrunnen mit Tränke
343aa1ca-82b6-4b68-93f7-d6cdbd18b6aa,verified,vienna:2255077,outdoor_water_fountain,48.1603030653,16.323577135,inactive,,2026-01-12 18:29:04.741631+00,0101000020E6100000F28E7CF3D5523040BE7493CF84144840,,,,Trinkbrunnen
3480326a-11a2-4047-a3df-9a50efe69ba6,verified,vienna:2255075,outdoor_water_fountain,48.1592445131,16.3268656903,inactive,,2026-01-12 18:29:04.741631+00,0101000020E6100000E1054A78AD5330407DEACB1F62144840,,true,,Trinkbrunnen mit Tränke
34b8b1db-de33-41a8-9463-4d2fa43435b7,verified,vienna:2255208,outdoor_water_fountain,48.2404405508,16.3344800003,inactive,,2026-01-12 18:29:04.741631+00,0101000020E61000005F74367BA0553040BC2887C1C61E4840,,true,,Trinkbrunnen mit Tränke
3512727f-4d47-49ed-bfb8-b36b542c1767,verified,vienna:2255058,outdoor_water_fountain,48.2549593344,16.3998036465,inactive,,2026-01-12 18:29:04.741631+00,0101000020E6100000FF892288596630406A87E981A2204840,,true,,Trinkbrunnen mit Tränke
358094e7-6dab-40ec-b5d1-7a31d95ef828,verified,vienna:2255086,outdoor_water_fountain,48.1936426401,16.2600958522,inactive,,2026-01-12 18:29:04.741631+00,0101000020E610000035064BA495423040992B3348C9184840,,true,,Trinkbrunnen mit Tränke
35a70547-be7f-4a63-885f-cc2c4b818e36,verified,vienna:2255436,outdoor_water_fountain,48.2297306399,16.3525298864,inactive,,2026-01-12 18:29:04.741631+00,0101000020E61000005AF30C663F5A30403CA148D0671D4840,,,,Trinkbrunnen
35a9494b-4c60-4ac5-8db4-98027b3e122e,verified,vienna:2255177,outdoor_water_fountain,48.2544716385,16.4336268332,inactive,,2026-01-12 18:29:04.741631+00,0101000020E610000016430B2B026F3040FB8ED28692204840,,true,,Trinkbrunnen mit Tränke
35f315dc-f408-4b69-bdf9-9301cb3283d8,verified,vienna:2255283,outdoor_water_fountain,48.206370731,16.2790437319,inactive,,2026-01-12 18:29:04.741631+00,0101000020E61000000FAAF6686F473040913F2A5B6A1A4840,,true,,Trinkbrunnen mit Tränke
36b4b01a-7341-4043-966f-a8980be39d01,verified,vienna:2255217,outdoor_water_fountain,48.2445352453,16.3803115219,inactive,,2026-01-12 18:29:04.741631+00,0101000020E61000003DDA8C185C61304034A450EE4C1F4840,,true,,Trinkbrunnen mit Tränke
375dd61d-e7b8-424c-9a9c-d6a0f2d47fb4,verified,vienna:2255671,outdoor_water_fountain,48.2456749016,16.3482371775,inactive,,2026-01-12 18:29:04.741631+00,0101000020E6100000259D581226593040F6E87146721F4840,,true,,Trinkbrunnen mit Tränke
376a9e08-a68c-4e61-80d8-5ae584aa5bcb,verified,vienna:2255191,outdoor_water_fountain,48.1672500328,16.3008110006,inactive,,2026-01-12 18:29:04.741631+00,0101000020E6100000A2DA21F3014D3040C290F67268154840,,,,Trinkbrunnen
37ece975-2a0e-401e-9fcd-9235d5a0d949,verified,vienna:2255408,outdoor_water_fountain,48.1512763886,16.2698820823,inactive,,2026-01-12 18:29:04.741631+00,0101000020E61000004041FDFD16453040D5D852065D134840,,,,Trinkbrunnen
385ff06e-b9e1-4fa3-b37f-a75e0e4e2651,verified,vienna:2255818,outdoor_water_fountain,48.1689478053,16.308030724,inactive,,2026-01-12 18:29:04.741631+00,0101000020E610000043BEFD19DB4E30404B3FE914A0154840,,true,,Trinkbrunnen mit Tränke
38603831-f237-42f0-af7e-630c1bf4a807,verified,vienna:2255527,outdoor_water_fountain,48.2074680229,16.3512223057,inactive,,2026-01-12 18:29:04.741631+00,0101000020E6100000729B7CB4E959304020A9EA4F8E1A4840,,,,Trinkbrunnen
38d11655-171a-464e-a1c9-3b832f022401,verified,vienna:2255763,outdoor_water_fountain,48.2164176097,16.3292709092,inactive,,2026-01-12 18:29:04.741631+00,0101000020E6100000C7892A194B54304052F87D92B31B4840,,,,Trinkbrunnen
392c12e3-9f9a-4751-aa2e-c387ec9f8fd7,verified,vienna:2255470,outdoor_water_fountain,48.2187513021,16.3221146346,inactive,,2026-01-12 18:29:04.741631+00,0101000020E6100000842BCD1A765230400C3DEC0A001C4840,,true,,Trinkbrunnen mit Tränke
397f1267-0244-4acf-aca5-0c412e816f2b,verified,vienna:2255434,outdoor_water_fountain,48.2234671112,16.358717653,inactive,,2026-01-12 18:29:04.741631+00,0101000020E610000004228CEBD45B3040F52AFF919A1C4840,,true,,Trinkbrunnen mit Tränke
3a8510cb-3921-4843-a1c1-91b8b4728b64,verified,vienna:2255465,outdoor_water_fountain,48.2346850828,16.3364778672,inactive,,2026-01-12 18:29:04.741631+00,0101000020E6100000AB73DB692356304016BE29290A1E4840,,true,,Trinkbrunnen mit Tränke
3ab68206-25f8-4e22-966f-bee0702478f4,verified,vienna:2255406,outdoor_water_fountain,48.230713754,16.3633089184,inactive,,2026-01-12 18:29:04.741631+00,0101000020E610000086DF32D0015D30406D153E07881D4840,,,,Trinkbrunnen
3ad3cb10-c9a4-4d07-ac8b-92c47d7ae890,verified,vienna:2255661,outdoor_water_fountain,48.2038272839,16.381743163,inactive,,2026-01-12 18:29:04.741631+00,0101000020E61000007D8E80EBB961304006312F03171A4840,,,,Trinkbrunnen
3ae9e8e4-7185-467a-8acb-27f5c8a1a964,verified,vienna:2255189,outdoor_water_fountain,48.2021539609,16.3355617801,inactive,,2026-01-12 18:29:04.741631+00,0101000020E61000002A517760E75530404369552EE0194840,,,,Trinkbrunnen
3b58e292-6988-4db0-a5cf-68470aac3cb3,verified,vienna:2255463,outdoor_water_fountain,48.2346347345,16.3313915012,inactive,,2026-01-12 18:29:04.741631+00,0101000020E61000008BD3CB12D65430407197CF82081E4840,,true,,Trinkbrunnen mit Tränke
3b8fb295-f075-409e-936d-0e1a19b7d620,verified,vienna:2255039,outdoor_water_fountain,48.1813784228,16.3662693895,inactive,,2026-01-12 18:29:04.741631+00,0101000020E6100000AB6DA9D4C35D304023107D6837174840,,true,,Trinkbrunnen mit Tränke
3ba6f80b-c62d-492e-a644-0a19e8d07626,verified,vienna:2255479,outdoor_water_fountain,48.1888888975,16.3183807819,inactive,,2026-01-12 18:29:04.741631+00,0101000020E610000077EF25678151304085ABEA822D184840,,true,,Trinkbrunnen mit Tränke
3c804436-e41d-40a4-9e97-b47fb7a0d5b2,verified,vienna:2255235,outdoor_water_fountain,48.1869557111,16.343258637,inactive,,2026-01-12 18:29:04.741631+00,0101000020E61000000BFC4BCCDF573040CA7C2C2AEE174840,,true,,Trinkbrunnen mit Tränke
3ce645ba-af52-42bb-b869-b53f69f11068,verified,vienna:2255144,outdoor_water_fountain,48.1774063391,16.4176685747,inactive,,2026-01-12 18:29:04.741631+00,0101000020E610000047E7E453EC6A3040D0443C40B5164840,,,,Trinkbrunnen
3cf7163c-764c-4de4-9275-729343d8031b,verified,vienna:2255333,outdoor_water_fountain,48.1930227289,16.3678946733,inactive,,2026-01-12 18:29:04.741631+00,0101000020E6100000343266582E5E30404D0102F8B4184840,,true,,Trinkbrunnen mit Tränke
3e9ba6ab-ec1f-48d7-8846-3a9781e1df02,verified,vienna:2255839,outdoor_water_fountain,48.2112735,16.3783189,inactive,,2026-01-18 09:15:46.80306+00,0101000020E61000006DF5E681D9603040778192020B1B4840,true,false,https://umaregchynxnuvjoxcgb.supabase.co/storage/v1/object/public/spots-images/IMG_7303.jpg,"Laurenzerberg 5, 1010 Wien"
3f20f081-61d8-4f13-acc3-b9a74b724713,verified,vienna:2255231,outdoor_water_fountain,48.1894217038,16.3331285188,inactive,,2026-01-12 18:29:04.741631+00,0101000020E6100000659C1DE9475530409F7C6BF83E184840,,true,,Trinkbrunnen mit Tränke
3f4fd761-1d38-4315-8ad1-3d4a42a0252a,verified,vienna:2255639,outdoor_water_fountain,48.1783579535,16.3811703093,inactive,,2026-01-12 18:29:04.741631+00,0101000020E610000053A69C6094613040CAA1F46ED4164840,,true,,Trinkbrunnen mit Tränke
3f9276d8-e7da-42da-951e-f7fe67929f64,verified,vienna:2255351,outdoor_water_fountain,48.1674436696,16.4178093524,inactive,,2026-01-12 18:29:04.741631+00,0101000020E61000005C85C08DF56A3040576D4ECB6E154840,,true,,Trinkbrunnen mit Tränke
3fd0a9a1-498d-414e-98b8-e3d320d75880,verified,vienna:2255386,outdoor_water_fountain,48.2348663334,16.3648141637,inactive,,2026-01-12 18:29:04.741631+00,0101000020E610000087350676645D304035719A19101E4840,,true,,Trinkbrunnen mit Tränke
3fea3b81-9c1c-4c92-8b9a-5209a0e4e842,verified,vienna:2255541,outdoor_water_fountain,48.2626167967,16.3873909987,inactive,,2026-01-12 18:29:04.741631+00,0101000020E6100000682E760E2C633040789A5C6D9D214840,,,,Trinkbrunnen
3ff76a13-0aeb-45af-8c0c-2a8e99f18f30,verified,vienna:2255199,outdoor_water_fountain,48.189881657,16.3289733845,inactive,,2026-01-12 18:29:04.741631+00,0101000020E610000093AE8799375430407076C90A4E184840,,true,,Trinkbrunnen mit Tränke
400e0842-9731-470f-92a9-e0770a75a04c,verified,vienna:2255032,outdoor_water_fountain,48.2488473178,16.3780538705,inactive,,2026-01-12 18:29:04.741631+00,0101000020E610000079EC7123C8603040FCD2993ADA1F4840,,,,Trinkbrunnen
40f83e28-a40e-4e5a-8f01-9f770f0fad8e,verified,vienna:2255596,outdoor_water_fountain,48.15272643,16.3868906503,inactive,,2026-01-12 18:29:04.741631+00,0101000020E6100000AB2A02440B633040DC0A278A8C134840,,true,,Trinkbrunnen mit Tränke
415d7c39-1099-406a-bfa7-e49016214139,verified,vienna:2255439,outdoor_water_fountain,48.2801449554,16.4216665868,inactive,,2026-01-12 18:29:04.741631+00,0101000020E6100000381F6857F26B30408BCA36CADB234840,,true,,Trinkbrunnen mit Tränke
418bdf46-420b-4e2d-ac5f-7a60a996b9fc,verified,vienna:2255336,outdoor_water_fountain,48.1862099157,16.3679135214,inactive,,2026-01-12 18:29:04.741631+00,0101000020E6100000502B9E942F5E3040AB0FFDB9D5174840,,true,,Trinkbrunnen mit Tränke
41b0e990-6f8b-463e-a783-32512471f6be,verified,vienna:2255629,outdoor_water_fountain,48.1938085791,16.2741121609,inactive,,2026-01-12 18:29:04.741631+00,0101000020E61000005B80EE362C463040997532B8CE184840,,true,,Trinkbrunnen mit Tränke
4251c82b-6fab-4b5e-8f76-2dab74ca778f,verified,vienna:2255626,outdoor_water_fountain,48.2430244255,16.3017954195,inactive,,2026-01-12 18:29:04.741631+00,0101000020E6100000C9D5F076424D30406BD3A36C1B1F4840,,true,,Trinkbrunnen mit Tränke
42dae968-bdde-4280-b004-e7958f3553d3,verified,vienna:2255310,outdoor_water_fountain,48.1864742745,16.333622291,inactive,,2026-01-12 18:29:04.741631+00,0101000020E6100000C50F3D4568553040EC429763DE174840,,true,,Trinkbrunnen mit Tränke
42f75553-31e4-47f8-a4b8-e2674eec339b,verified,vienna:2255127,outdoor_water_fountain,48.2390070147,16.4192562704,inactive,,2026-01-12 18:29:04.741631+00,0101000020E6100000CC020261546B304057D327C8971E4840,,true,,Trinkbrunnen mit Tränke
433ebb2e-8d1a-4dc3-8673-5b604d3f7800,verified,vienna:2254434,outdoor_water_fountain,48.2231348625,16.4221890954,inactive,,2026-01-12 18:29:04.741631+00,0101000020E61000008878A595146C30407984E4AE8F1C4840,,,,Trinkbrunnen
43db9e91-4fcb-4735-885b-331c3159e165,verified,vienna:2255239,outdoor_water_fountain,48.2031499902,16.3811185068,inactive,,2026-01-12 18:29:04.741631+00,0101000020E61000003A9B82FB90613040BD0BA2D1001A4840,,,,Trinkbrunnen
4446a6bf-441e-4b96-8046-04eb437319fe,verified,vienna:2255669,outdoor_water_fountain,48.2037585851,16.3542998896,inactive,,2026-01-12 18:29:04.741631+00,0101000020E6100000F4CEC665B35A304051A4E5C2141A4840,,true,,Trinkbrunnen mit Tränke
4476cfa8-66df-4aee-92a7-4206a2a9b03f,verified,vienna:2255612,outdoor_water_fountain,48.1917904311,16.3920638923,inactive,,2026-01-12 18:29:04.741631+00,0101000020E6100000F85E9B4C5E64304050A1BE968C184840,,,,Trinkbrunnen
44d9fcd7-50a5-43a9-baac-f0ea17effebc,community,,indoor_water_fountain,48.3359023206813,14.3238122447629,active,b9f5ea8c-6f3f-4dbe-b0d6-e06333ae78b7,2026-01-28 13:58:35.083819+00,0101000020E6100000209AF2B7CAA52C4005FDE4D8FE2A4840,true,,community/fe96d9d9-1133-432f-bcb8-5ba65e325635.jpg,"Altenberger Str. 69, 4040 Linz, Autriche"
4543de45-c998-4279-b23b-09c6dfad82fe,verified,vienna:2255642,outdoor_water_fountain,48.1800234988,16.3837442985,inactive,,2026-01-12 18:29:04.741631+00,0101000020E61000007F15FC103D623040C2ED8F020B174840,,true,,Trinkbrunnen mit Tränke
4595f95b-f40e-46c5-b7e1-1bdf26484a2c,verified,vienna:2255829,outdoor_water_fountain,48.1764406106,16.332391678,inactive,,2026-01-12 18:29:04.741631+00,0101000020E6100000FA78FA9E175530404C1B1E9B95164840,,true,,Trinkbrunnen mit Tränke
45b6e1d5-26b7-4a11-9535-71b28c4c5f34,verified,vienna:2255344,outdoor_water_fountain,48.1865807825,16.3601357858,inactive,,2026-01-12 18:29:04.741631+00,0101000020E61000005921DEDB315C304026730BE1E1174840,,true,,Trinkbrunnen mit Tränke
45fe33f4-8ffe-4eb2-9e6b-25b06e93370a,verified,vienna:2255742,outdoor_water_fountain,48.2055223816,16.215206604,inactive,,2026-01-12 18:29:04.741631+00,0101000020E61000002F10AEC717373040B5C8B18E4E1A4840,,,,Trinkbrunnen
4613b472-8b78-4652-979f-e673a4e74c8d,verified,vienna:2255487,outdoor_water_fountain,48.235442924,16.3727353798,inactive,,2026-01-12 18:29:04.741631+00,0101000020E61000009B4DFA956B5F3040CA5365FE221E4840,,true,,Trinkbrunnen mit Tränke
466aa812-bea6-4b2d-b9c4-22b31ede84a7,verified,vienna:2255019,outdoor_water_fountain,48.1569747902,16.4248274419,inactive,,2026-01-12 18:29:04.741631+00,0101000020E61000006267C17DC16C30404D1AFBBF17144840,,true,,Trinkbrunnen mit Tränke
46f2c269-a8df-4de2-9ade-b2eb95869ded,verified,vienna:2255202,outdoor_water_fountain,48.1903114806,16.3211430822,inactive,,2026-01-12 18:29:04.741631+00,0101000020E6100000B962DB6E365230407C9D68205C184840,,true,,Trinkbrunnen mit Tränke
47a43340-4035-46df-8fed-3905729d9215,verified,vienna:2255533,outdoor_water_fountain,48.257054478,16.3396013312,inactive,,2026-01-12 18:29:04.741631+00,0101000020E61000009C2EE31CF056304072264029E7204840,,true,,Trinkbrunnen mit Tränke
47a9efbe-d3f2-4d86-9a5a-1f7acb63c6df,verified,vienna:2255517,outdoor_water_fountain,48.2197236185,16.3961939271,inactive,,2026-01-12 18:29:04.741631+00,0101000020E6100000B0C417F76C653040E2CE4DE71F1C4840,,,,Trinkbrunnen
47b404a8-ea44-4d9e-a9b2-393109c93f91,verified,vienna:2255633,outdoor_water_fountain,48.1823914373,16.4180744227,inactive,,2026-01-12 18:29:04.741631+00,0101000020E610000063CAE4EC066B30401023459A58174840,,true,,Trinkbrunnen mit Tränke
486c3b19-2e0f-4e72-95dd-7875bf055869,verified,vienna:2255559,outdoor_water_fountain,48.219453548,16.3943052267,inactive,,2026-01-12 18:29:04.741631+00,0101000020E61000008051F52FF164304059D3C90D171C4840,,true,,Trinkbrunnen mit Tränke
48bd5be0-993e-4a35-94f3-46f8ddebe9b1,verified,vienna:2255477,outdoor_water_fountain,48.2087746837,16.3334241928,inactive,,2026-01-12 18:29:04.741631+00,0101000020E61000006DC5B3495B553040B45CFB20B91A4840,,,,Trinkbrunnen
4a1d3db9-a31f-4dae-b221-1cdd5a29b50a,verified,vienna:2255486,outdoor_water_fountain,48.2158335658,16.307549171,inactive,,2026-01-12 18:29:04.741631+00,0101000020E61000005F5BDF8ABB4E3040BA3E2D6FA01B4840,,true,,Trinkbrunnen mit Tränke
4a321f19-2d76-4839-affa-91cfdfa6b285,verified,vienna:2255383,outdoor_water_fountain,48.1558642534,16.3845560767,inactive,,2026-01-12 18:29:04.741631+00,0101000020E610000092E75C4472623040F67B1F5CF3134840,,,,Trinkbrunnen
4a64d8d0-c3cd-4b45-81d1-b72518965e48,verified,vienna:2255577,outdoor_water_fountain,48.2235522494,16.3907038856,inactive,,2026-01-12 18:29:04.741631+00,0101000020E610000077127B2B05643040640F305C9D1C4840,,true,,Trinkbrunnen mit Tränke
4a73ad45-c844-406e-8b27-aa28d5e59cd0,verified,vienna:2255543,outdoor_water_fountain,48.2260224704,16.4912176259,inactive,,2026-01-12 18:29:04.741631+00,0101000020E610000092753670C07D3040BA43E74DEE1C4840,,true,,Trinkbrunnen mit Tränke
4b4291db-f48e-4597-ba89-1cbe0fed5441,verified,vienna:2255524,outdoor_water_fountain,48.2006748385,16.337890145,inactive,,2026-01-12 18:29:04.741631+00,0101000020E61000006B6AF2F77F563040693E8EB6AF194840,,true,,Trinkbrunnen mit Tränke
4c33ae12-84a0-4a3e-a785-5c4356697d7b,verified,vienna:2255161,outdoor_water_fountain,48.2146669327,16.3259196546,inactive,,2026-01-12 18:29:04.741631+00,0101000020E610000070A171786F53304054BDBF347A1B4840,,true,,Trinkbrunnen mit Tränke
4cbedc38-a996-46b3-af2a-1b8d45c3e1a9,verified,vienna:2255229,outdoor_water_fountain,48.2253283939,16.3971358905,inactive,,2026-01-12 18:29:04.741631+00,0101000020E6100000EDC39DB2AA6530409254918FD71C4840,,true,,Trinkbrunnen mit Tränke
4de8e999-6625-4f4b-b9ed-f34b56cdf173,verified,vienna:2255188,outdoor_water_fountain,48.2227389499,16.3109624709,inactive,,2026-01-12 18:29:04.741631+00,0101000020E610000082CC8A3C9B4F3040D5AEBCB5821C4840,,true,,Trinkbrunnen mit Tränke
4df6370d-29af-4a66-9b58-241104d72803,verified,vienna:2255587,outdoor_water_fountain,48.1610424492,16.4437316248,inactive,,2026-01-12 18:29:04.741631+00,0101000020E61000008AB7506598713040774AFA099D144840,,true,,Trinkbrunnen mit Tränke
4e13c734-79b7-4f79-85fe-5bfdaf4598df,verified,vienna:2255061,outdoor_water_fountain,48.1817008961,16.347002342,inactive,,2026-01-12 18:29:04.741631+00,0101000020E610000081863E25D5583040A23397F941174840,,,,Trinkbrunnen
4e42980e-f86f-4e4e-b3a2-203df1a1ac8c,verified,vienna:2255222,outdoor_water_fountain,48.1648803116,16.3274854399,inactive,,2026-01-12 18:29:04.741631+00,0101000020E61000006349F615D6533040C4094DCC1A154840,,,,Trinkbrunnen
4ea3666a-0aff-4997-8f5c-a6ce80c944cd,verified,vienna:2255553,outdoor_water_fountain,48.2141646349,16.4753182586,inactive,,2026-01-12 18:29:04.741631+00,0101000020E6100000F1E01775AE7930407A6D2BBF691B4840,,,,Trinkbrunnen
4f41f4d6-2c6b-4770-9084-ce64c97a76c0,verified,vienna:2255192,outdoor_water_fountain,48.1987501107,16.3613379924,inactive,,2026-01-12 18:29:04.741631+00,0101000020E610000009298CA5805C304035C4C4A470194840,,true,,Trinkbrunnen mit Tränke
50715cd0-3487-4f45-87c5-ea5de6ba3421,verified,vienna:2255241,outdoor_water_fountain,48.1982864265,16.3909675811,inactive,,2026-01-12 18:29:04.741631+00,0101000020E6100000E89E8E731664304073871A7361194840,,true,,Trinkbrunnen mit Tränke
514b6cd9-fbbb-4122-8b8c-854dfe2db1a2,verified,vienna:2255457,outdoor_water_fountain,48.253918542,16.3667157712,inactive,,2026-01-12 18:29:04.741631+00,0101000020E61000003E3BB415E15D304077DE1C6780204840,,,,Trinkbrunnen
519da64c-a904-4afb-839d-ee1db9aace2a,verified,vienna:2255184,outdoor_water_fountain,48.2258167173,16.3389635083,inactive,,2026-01-12 18:29:04.741631+00,0101000020E610000099AFFE4FC6563040C7D8EB8FE71C4840,,true,,Trinkbrunnen mit Tränke
51b54ab4-ad96-4209-b00e-498d52101dbe,verified,vienna:2254403,outdoor_water_fountain,48.1895025905,16.4662340555,inactive,,2026-01-12 18:29:04.741631+00,0101000020E610000069A7741D5B773040365AF29E41184840,,,,Trinkbrunnen
520236f3-367d-4f8a-a92b-db8f28825ce0,verified,vienna:2255187,outdoor_water_fountain,48.2219468303,16.3082138612,inactive,,2026-01-12 18:29:04.741631+00,0101000020E61000002307861AE74E304070CBF4C0681C4840,,,,Trinkbrunnen
5253c1c1-74ab-4516-8d65-d6e2d8d589d9,verified,vienna:2255362,outdoor_water_fountain,48.1643201349,16.3817032343,inactive,,2026-01-12 18:29:04.741631+00,0101000020E61000008F189C4DB761304023BC327108154840,,,,Trinkbrunnen
5269efdb-e675-4546-83e1-4eeb61c9d743,verified,vienna:2255087,outdoor_water_fountain,48.192422534,16.2613078055,inactive,,2026-01-12 18:29:04.741631+00,0101000020E6100000E1CF7E11E54230409045354DA1184840,,true,,Trinkbrunnen mit Tränke
52b73f83-94c7-485c-b0e2-a95277cd42a4,verified,vienna:2254411,outdoor_water_fountain,48.2413534473,16.3934168877,inactive,,2026-01-12 18:29:04.741631+00,0101000020E6100000985D1AF8B6643040167775ABE41E4840,,,,Trinkbrunnen
52dbccfe-a1a8-4754-850c-d0bc4dc5acc8,verified,vienna:2255316,outdoor_water_fountain,48.1719663046,16.410472385,inactive,,2026-01-12 18:29:04.741631+00,0101000020E6100000727CDDB714693040AF22EBFD02164840,,true,,Trinkbrunnen mit Tränke
53153e1d-97e3-477a-8145-6df740ecd05b,verified,vienna:2255238,outdoor_water_fountain,48.1897056624,16.3608267479,inactive,,2026-01-12 18:29:04.741631+00,0101000020E6100000A6C049245F5C3040E0EF6F4648184840,,true,,Trinkbrunnen mit Tränke
5337eb24-c273-45ab-b117-860da02bf3bb,verified,vienna:2255340,outdoor_water_fountain,48.202495971,16.2561473394,inactive,,2026-01-12 18:29:04.741631+00,0101000020E61000002FAE3DDF9241304025825263EB194840,,true,,Trinkbrunnen mit Tränke
5375bfe5-d825-430c-bc61-7c6d1e35045e,verified,vienna:2255108,outdoor_water_fountain,48.1492552982,16.2672385524,inactive,,2026-01-12 18:29:04.741631+00,0101000020E6100000D3C9EABE694430400A4330CC1A134840,,true,,Trinkbrunnen mit Tränke
53b830d6-7e38-4064-8b72-27a078d81e34,verified,vienna:2255284,outdoor_water_fountain,48.2496363005,16.3945496775,inactive,,2026-01-12 18:29:04.741631+00,0101000020E610000085822935016530405E451115F41F4840,,true,,Trinkbrunnen mit Tränke
53cc44df-77d6-44c4-80b8-afaa05d7a609,verified,vienna:2255171,outdoor_water_fountain,48.2486512544,16.4483111523,inactive,,2026-01-12 18:29:04.741631+00,0101000020E6100000828F0985C4723040F2E0E6CDD31F4840,,true,,Trinkbrunnen mit Tränke
54220ea2-647b-49a6-ae53-5c5dce86c79e,verified,vienna:2255628,outdoor_water_fountain,48.1973116815,16.4020511011,inactive,,2026-01-12 18:29:04.741631+00,0101000020E6100000988B2AD2EC663040A494598241194840,,true,,Trinkbrunnen mit Tränke
54949049-c194-4682-ba62-d112b8a73bf6,verified,vienna:2255404,outdoor_water_fountain,48.1321843389,16.4201264092,inactive,,2026-01-12 18:29:04.741631+00,0101000020E61000002EB383678D6B3040374F9A6AEB104840,,true,,Trinkbrunnen mit Tränke
54e62b27-a642-491a-9c3a-4370b11e3685,verified,vienna:2255652,outdoor_water_fountain,48.194160103,16.3524101698,inactive,,2026-01-12 18:29:04.741631+00,0101000020E61000009D118A8D375A30405849FE3CDA184840,,,,Trinkbrunnen
551adb59-64c2-41fd-a89d-06e3ad63cee3,verified,vienna:2255420,outdoor_water_fountain,48.213298934,16.3356021933,inactive,,2026-01-12 18:29:04.741631+00,0101000020E61000007BB07C06EA5530409DE624614D1B4840,,,,Trinkbrunnen
5582070e-b247-40ef-b154-259507dabfc2,verified,vienna:2255827,outdoor_water_fountain,48.159433872,16.475835954,inactive,,2026-01-12 18:29:04.741631+00,0101000020E6100000E3B09462D0793040AD0E415468144840,,,,Trinkbrunnen
564fb826-54ea-41db-8e01-3fd4af81924e,verified,vienna:2255102,outdoor_water_fountain,48.147732402,16.3530198597,inactive,,2026-01-12 18:29:04.741631+00,0101000020E6100000014070825F5A3040249335E5E8124840,,,,Trinkbrunnen
565aa54f-969a-4bca-8cca-87a76791f2ac,verified,vienna:2255580,outdoor_water_fountain,48.1908771677,16.3755844171,inactive,,2026-01-12 18:29:04.741631+00,0101000020E6100000EC54E44C266030408D69BCA96E184840,,true,,Trinkbrunnen mit Tränke
56a8e48a-2fe8-44fb-ad62-0eaf3a2403d6,verified,vienna:2255068,outdoor_water_fountain,48.1812864881,16.33917136,inactive,,2026-01-12 18:29:04.741631+00,0101000020E61000009AF02AEFD356304050CC486534174840,,true,,Trinkbrunnen mit Tränke
56e19b68-d52b-468a-9de2-2a310bc2d55c,verified,vienna:2255311,outdoor_water_fountain,48.1878857341,16.3423735437,inactive,,2026-01-12 18:29:04.741631+00,0101000020E61000000635E5CAA557304017ACC5A30C184840,,true,,Trinkbrunnen mit Tränke
57027a22-7633-48e0-b54c-30535fcd870b,verified,vienna:2255590,outdoor_water_fountain,48.2582866707,16.3376528522,inactive,,2026-01-12 18:29:04.741631+00,0101000020E6100000A299D56A705630401AD3A1890F214840,,true,,Trinkbrunnen mit Tränke
570b5b60-5ba8-41fa-8420-019a09e414e4,verified,vienna:2255105,outdoor_water_fountain,48.1480468343,16.3131278173,inactive,,2026-01-12 18:29:04.741631+00,0101000020E610000078C506252950304023CCDB32F3124840,,true,,Trinkbrunnen mit Tränke
576a76c8-dcef-4cfe-ab3e-e79cec125c0e,verified,vienna:2255181,outdoor_water_fountain,48.1802089423,16.3446486789,inactive,,2026-01-12 18:29:04.741631+00,0101000020E6100000307C54E53A58304008D02C1611174840,,true,,Trinkbrunnen mit Tränke
5842a675-80ce-4f66-8bdc-84b9dd3f4113,verified,vienna:2255165,outdoor_water_fountain,48.2290345232,16.3045440276,inactive,,2026-01-12 18:29:04.741631+00,0101000020E6100000EFBBEE98F64D30404466D500511D4840,,true,,Trinkbrunnen mit Tränke
58cf51d3-83ca-4fe2-ad2f-2b57fbdaa2c2,verified,vienna:2255078,outdoor_water_fountain,48.1805754908,16.328355282,inactive,,2026-01-12 18:29:04.741631+00,0101000020E6100000ABA87D170F543040FBB801191D174840,,,,Trinkbrunnen
5963e9a5-d896-427f-90f5-fc3c7493cc02,verified,vienna:2255277,outdoor_water_fountain,48.2263183398,16.5062623552,inactive,,2026-01-12 18:29:04.741631+00,0101000020E6100000AAC7E2689A81304088F6D5FFF71C4840,,true,,Trinkbrunnen mit Tränke
59e56498-43a6-4464-8a20-780ce1acdd3e,verified,vienna:2255542,outdoor_water_fountain,48.2124769046,16.4755408171,inactive,,2026-01-12 18:29:04.741631+00,0101000020E61000008D5B010BBD793040C7347671321B4840,,,,Trinkbrunnen
59f849eb-546e-4e25-929d-0bcf0cfc9221,verified,vienna:2255660,outdoor_water_fountain,48.2041827125,16.3797072149,inactive,,2026-01-12 18:29:04.741631+00,0101000020E6100000FE0CF67D346130404C4CBCA8221A4840,,,,Trinkbrunnen
5a04ed10-0d93-4884-8745-b2269f59a07c,verified,vienna:2255138,outdoor_water_fountain,48.2132399989,16.3849123086,inactive,,2026-01-12 18:29:04.741631+00,0101000020E6100000CE43F19C89623040BFBCC2724B1B4840,,,,Trinkbrunnen
5b261fcf-b980-4f02-bec2-8bfed448df98,verified,vienna:2255182,outdoor_water_fountain,48.2087201481,16.3044684994,inactive,,2026-01-12 18:29:04.741631+00,0101000020E6100000CF95C7A5F14D30408A0D8157B71A4840,,true,,Trinkbrunnen mit Tränke
5b799b34-376b-4760-826e-1f0cb4a694ee,verified,vienna:2255221,outdoor_water_fountain,48.1649231135,16.32654636,inactive,,2026-01-12 18:29:04.741631+00,0101000020E6100000EDD3D08A98533040236B59331C154840,,,,Trinkbrunnen
5b907db1-3d37-4627-a927-1201d1b7422a,verified,vienna:2255195,outdoor_water_fountain,48.2471534402,16.4384383184,inactive,,2026-01-12 18:29:04.741631+00,0101000020E61000005BD75E7E3D7030405F6053B9A21F4840,,,,Trinkbrunnen
5bbae073-5be6-4e9b-8595-b49de23e89d8,verified,vienna:2254405,outdoor_water_fountain,48.2133175537,16.4326154272,inactive,,2026-01-12 18:29:04.741631+00,0101000020E6100000AE9177E2BF6E3040F16656FD4D1B4840,,,,Trinkbrunnen
5cb2e314-890f-4502-a34b-a0bf567a1685,verified,vienna:2255646,outdoor_water_fountain,48.1530866005,16.2916610064,inactive,,2026-01-12 18:29:04.741631+00,0101000020E6100000A601B44BAA4A3040394D7B5798134840,,true,,Trinkbrunnen mit Tränke
5d05e7f6-6a72-4199-a14a-0e4767def409,verified,vienna:2255421,outdoor_water_fountain,48.2136346207,16.3351613006,inactive,,2026-01-12 18:29:04.741631+00,0101000020E61000003AF68821CD55304095991661581B4840,,,,Trinkbrunnen
5d3f46a6-5c57-4d1d-872e-4778b5b818ec,verified,vienna:2255314,outdoor_water_fountain,48.203704915,16.3557309798,inactive,,2026-01-12 18:29:04.741631+00,0101000020E6100000406A7C2F115B3040D0FAAD00131A4840,,,,Trinkbrunnen
5d4f505b-5d26-40fa-924d-f49f68eb223f,verified,vienna:2255343,outdoor_water_fountain,48.1879422429,16.3445749556,inactive,,2026-01-12 18:29:04.741631+00,0101000020E610000099527510365830406D65CD7D0E184840,,true,,Trinkbrunnen mit Tränke
5dacd94e-0dc6-4476-87bd-7aa4c62edd25,verified,vienna:2255341,outdoor_water_fountain,48.1745944207,16.3611733453,inactive,,2026-01-12 18:29:04.741631+00,0101000020E61000001B403ADB755C30403B7C271C59164840,,true,,Trinkbrunnen mit Tränke
5dc4387a-9ae4-4d3b-a51e-8736ef747ddd,verified,vienna:2255571,outdoor_water_fountain,48.1900792942,16.3936349192,inactive,,2026-01-12 18:29:04.741631+00,0101000020E610000011871042C56430402D1EB08454184840,,,,Trinkbrunnen
5e840420-0e50-49d9-ba00-f728f22cf099,verified,vienna:2254415,outdoor_water_fountain,48.2432219465,16.3931223585,inactive,,2026-01-12 18:29:04.741631+00,0101000020E61000007A15B9AAA364304088F190E5211F4840,,,,Trinkbrunnen
6031b5ea-5ba0-4274-9d39-321b99ad70e6,verified,vienna:2255367,outdoor_water_fountain,48.1656045451,16.351694947,inactive,,2026-01-12 18:29:04.741631+00,0101000020E6100000908817AE085A304001A39C8732154840,,,,Trinkbrunnen
60830cad-e699-45e2-be39-8fec537f8fee,verified,vienna:2255328,outdoor_water_fountain,48.1997207034,16.382649884,inactive,,2026-01-12 18:29:04.741631+00,0101000020E61000002399C157F5613040F3B7B07290194840,,true,,Trinkbrunnen mit Tränke
6084b2cb-04b1-451f-b89f-98feed2c40b6,verified,vienna:2255363,outdoor_water_fountain,48.1656320553,16.3795915132,inactive,,2026-01-12 18:29:04.741631+00,0101000020E61000007D08CFE82C6130406557626E33154840,,true,,Trinkbrunnen mit Tränke
609ce635-bb0e-4219-a4b2-eeaa67667577,verified,vienna:2255581,outdoor_water_fountain,48.2235110681,16.3907427664,inactive,,2026-01-12 18:29:04.741631+00,0101000020E610000029D6CAB7076430404BE4BB029C1C4840,,true,,Trinkbrunnen mit Tränke
60a8b14d-1976-4946-b971-a78b91e3bc98,verified,vienna:2255508,outdoor_water_fountain,48.1912902794,16.3152609078,inactive,,2026-01-12 18:29:04.741631+00,0101000020E610000051B558F0B450304069082B337C184840,,true,,Trinkbrunnen mit Tränke
60b630d4-f28c-494a-8e8b-d818151f1d15,verified,vienna:2255183,outdoor_water_fountain,48.1719777987,16.4088003854,inactive,,2026-01-12 18:29:04.741631+00,0101000020E61000009CE25D24A7683040FC86565E03164840,,true,,Trinkbrunnen mit Tränke
6108cbfe-1be2-49af-9c56-05b48b6fe8ac,verified,vienna:2255005,outdoor_water_fountain,48.1979706143,16.3523762584,inactive,,2026-01-12 18:29:04.741631+00,0101000020E610000000B79954355A304067FEE01957194840,,true,,Trinkbrunnen mit Tränke
6172068a-f9b5-4a6e-b2b4-2b743b7b858d,verified,vienna:2255611,outdoor_water_fountain,48.2608133318,16.3921441497,inactive,,2026-01-12 18:29:04.741631+00,0101000020E61000007C471A8F636430408D38CD5462214840,,,,Trinkbrunnen
61bcc315-7c8b-4919-ae20-016108a8dd70,verified,vienna:2254418,outdoor_water_fountain,48.2519535501,16.3829621265,inactive,,2026-01-12 18:29:04.741631+00,0101000020E610000093EC50CE0962304032E5900340204840,,,,Trinkbrunnen
61bda5a2-fc9e-4cbd-812a-78026b590236,verified,vienna:2255385,outdoor_water_fountain,48.1578375066,16.3878456608,inactive,,2026-01-12 18:29:04.741631+00,0101000020E610000011086DDA49633040F076F80434144840,,true,,Trinkbrunnen mit Tränke
621a7d7b-be2c-4ab3-a465-ebcb24f8c726,verified,vienna:2255330,outdoor_water_fountain,48.2045313109,16.3907272515,inactive,,2026-01-12 18:29:04.741631+00,0101000020E610000035D97EB30664304069A9FD142E1A4840,,,,Trinkbrunnen
6232ac7e-f316-441f-83e7-ffdbf85377b7,verified,vienna:2255210,outdoor_water_fountain,48.1802819736,16.3504980115,inactive,,2026-01-12 18:29:04.741631+00,0101000020E61000009EB4D83CBA593040CE55CE7A13174840,,true,,Trinkbrunnen mit Tränke
62db84d1-d1d9-4345-8123-113f57675ebf,verified,vienna:2254417,outdoor_water_fountain,48.2498678853,16.3865738688,inactive,,2026-01-12 18:29:04.741631+00,0101000020E6100000F4FB4B81F662304093D7BDABFB1F4840,,,,Trinkbrunnen
635fcf44-2a1f-4309-9e84-fdc90d4e3235,verified,vienna:2255160,outdoor_water_fountain,48.2687922007,16.3833179779,inactive,,2026-01-12 18:29:04.741631+00,0101000020E6100000A20C83202162304093B667C867224840,,true,,Trinkbrunnen mit Tränke
637235bf-ce43-420d-a146-4f2abc5a2b22,verified,vienna:2255148,outdoor_water_fountain,48.2039166642,16.4065578459,inactive,,2026-01-12 18:29:04.741631+00,0101000020E61000009D12CC2C1468304099ECF5F0191A4840,,,,Trinkbrunnen
639322ff-77c8-4053-a2a4-3798b8f72fc9,verified,vienna:2255416,outdoor_water_fountain,48.2063828172,16.3151682245,inactive,,2026-01-12 18:29:04.741631+00,0101000020E610000044F760DDAE503040492A8DC06A1A4840,,,,Trinkbrunnen
64334ee6-1625-44f3-b492-9f898a1e6e0b,verified,vienna:2255407,outdoor_water_fountain,48.1309101979,16.3138545013,inactive,,2026-01-12 18:29:04.741631+00,0101000020E610000030C9C2C458503040C15855AAC1104840,,true,,Trinkbrunnen mit Tränke
6507e649-21bb-4f7d-8981-b8a9826f520f,verified,vienna:2255050,outdoor_water_fountain,48.2563649063,16.3899152861,inactive,,2026-01-12 18:29:04.741631+00,0101000020E61000008E02FA7CD16330404733B490D0204840,,,,Trinkbrunnen
6569c8bf-244a-4d1e-8ccb-f1e3fa7213c8,verified,vienna:2255483,outdoor_water_fountain,48.2127668151,16.3093484977,inactive,,2026-01-12 18:29:04.741631+00,0101000020E610000030B09076314F3040A84368F13B1B4840,,true,,Trinkbrunnen mit Tränke
65ada53a-c6f3-4b1d-91a8-8c84a169fa18,verified,vienna:2255339,outdoor_water_fountain,48.2522220267,16.3620327366,inactive,,2026-01-12 18:29:04.741631+00,0101000020E610000044C76B2DAE5C3040F000B6CF48204840,,,,Trinkbrunnen
6640d374-2333-4e24-8d56-808840d80800,verified,vienna:2255060,outdoor_water_fountain,48.1812426908,16.3480754334,inactive,,2026-01-12 18:29:04.741631+00,0101000020E610000078FEBA781B59304001D0E2F532174840,,true,,Trinkbrunnen mit Tränke
6666d945-8a84-4ed0-a4b9-94f1a2bc68a6,verified,vienna:2255354,outdoor_water_fountain,48.1759373177,16.3844127691,inactive,,2026-01-12 18:29:04.741631+00,0101000020E610000005730FE0686230406FD5301D85164840,,true,,Trinkbrunnen mit Tränke
6704f72b-8fac-43a2-bdb8-086c4dda7196,verified,vienna:2255345,outdoor_water_fountain,48.1936963887,16.3436974235,inactive,,2026-01-12 18:29:04.741631+00,0101000020E6100000E7A6E98DFC573040EF68130BCB184840,,,,Trinkbrunnen
687a208e-0015-4d7b-9f1f-510b9cbc691a,verified,vienna:2255458,outdoor_water_fountain,48.25523423,16.4075571461,inactive,,2026-01-12 18:29:04.741631+00,0101000020E610000027C045AA55683040BA55E783AB204840,,,,Trinkbrunnen
69f9908b-5e5e-441c-bdbe-33156ee6b740,verified,vienna:2255759,outdoor_water_fountain,48.2167418511,16.3723434759,inactive,,2026-01-12 18:29:04.741631+00,0101000020E610000095DEEBE6515F304012136D32BE1B4840,,,,Trinkbrunnen
6ab6a263-eff6-44cf-9fc6-f94c7477e91d,verified,vienna:2254422,outdoor_water_fountain,48.1667036104,16.5084238626,inactive,,2026-01-12 18:29:04.741631+00,0101000020E61000007D5FF6102882304085653D8B56154840,,,,Trinkbrunnen
6ae631c3-c8f5-4716-9d72-7edcaefe0352,verified,vienna:2254999,outdoor_water_fountain,48.1648468053,16.4029990476,inactive,,2026-01-12 18:29:04.741631+00,0101000020E6100000DBC211F22A6730408ACE3AB319154840,,true,,Trinkbrunnen mit Tränke
6aedd7d8-4f85-4134-a363-092523cb284a,verified,vienna:2255109,outdoor_water_fountain,48.140496692,16.2882743658,inactive,,2026-01-12 18:29:04.741631+00,0101000020E6100000DA624D59CC49304008ABACCBFB114840,,true,,Trinkbrunnen mit Tränke
6b9f9049-bf3e-44af-bfc2-f81f796e6653,verified,vienna:2255369,outdoor_water_fountain,48.1700955099,16.3734152926,inactive,,2026-01-12 18:29:04.741631+00,0101000020E6100000148B0525985F3040C51B8EB0C5154840,,,,Trinkbrunnen
6ba10dbf-b0ac-415e-8b42-ef32254f8324,verified,vienna:2255322,outdoor_water_fountain,48.1611841825,16.4432097035,inactive,,2026-01-12 18:29:04.741631+00,0101000020E610000067CDED3076713040293CECAEA1144840,,,,Trinkbrunnen
6d4868d2-dae7-4d06-8047-2c648d3bfa01,verified,vienna:2255197,outdoor_water_fountain,48.1704855116,16.4148823109,inactive,,2026-01-12 18:29:04.741631+00,0101000020E6100000210125BA356A3040C5612078D2154840,,true,,Trinkbrunnen mit Tränke
6d867442-8984-4ca5-980c-3282aae90a30,verified,vienna:2255305,outdoor_water_fountain,48.1916630747,16.3653681763,inactive,,2026-01-12 18:29:04.741631+00,0101000020E61000002935D0C4885D3040FAD7666A88184840,,true,,Trinkbrunnen mit Tränke
6d98bdcf-d57e-45f2-8aac-6bac39bda410,verified,vienna:2255579,outdoor_water_fountain,48.2378946614,16.385758299,inactive,,2026-01-12 18:29:04.741631+00,0101000020E6100000975D4E0EC1623040914D0F55731E4840,,,,Trinkbrunnen
6e04c248-9e91-4e54-b007-2229ef47192b,verified,vienna:2255079,outdoor_water_fountain,48.1709204437,16.320757119,inactive,,2026-01-12 18:29:04.741631+00,0101000020E61000006E1078231D52304064F499B8E0154840,,true,,Trinkbrunnen mit Tränke
6e51a3de-b6c2-4aae-b934-adff944b2179,verified,vienna:2255355,outdoor_water_fountain,48.1766314432,16.3794734472,inactive,,2026-01-12 18:29:04.741631+00,0101000020E6100000A46CFD2B25613040A1FEEFDB9B164840,,true,,Trinkbrunnen mit Tränke
6e58c0f7-f04c-4062-9649-58a97a2d1829,verified,vienna:2255209,outdoor_water_fountain,48.1965247454,16.2679983059,inactive,,2026-01-12 18:29:04.741631+00,0101000020E6100000523977899B443040822C0DB927194840,,true,,Trinkbrunnen mit Tränke
6e971bed-c638-4e3d-905d-1df6b88a4878,verified,vienna:2255279,outdoor_water_fountain,48.2226870139,16.4989730437,inactive,,2026-01-12 18:29:04.741631+00,0101000020E6100000EF4688B2BC7F3040E2F81002811C4840,,true,,Trinkbrunnen mit Tränke
6eaf716d-6c4d-4b3a-8b12-7fcae5c239e5,verified,vienna:2255116,outdoor_water_fountain,48.2311630096,16.4172188425,inactive,,2026-01-12 18:29:04.741631+00,0101000020E6100000FECFA3DACE6A30407323DFBF961D4840,,,,Trinkbrunnen
6eff7166-00d8-49fd-ba2d-f4393366aaee,verified,vienna:2255631,outdoor_water_fountain,48.2776364441,16.4237443048,inactive,,2026-01-12 18:29:04.741631+00,0101000020E610000075FBBA817A6C30402ACB4B9789234840,,,,Trinkbrunnen
6f53dff2-748a-459d-a2a7-6c0f6cbce68f,verified,vienna:2255476,outdoor_water_fountain,48.2057322029,16.334168645,inactive,,2026-01-12 18:29:04.741631+00,0101000020E6100000A69F89138C5530404398CD6E551A4840,,,,Trinkbrunnen
6fb7843b-812c-4573-b5b8-6b8c4e441e85,verified,vienna:2255430,outdoor_water_fountain,48.2014319093,16.338537466,inactive,,2026-01-12 18:29:04.741631+00,0101000020E6100000D2F03064AA5630403C685385C8194840,,,,Trinkbrunnen
70dd337b-73ac-4b6e-9a51-0f40a12c5d1e,verified,vienna:2255753,outdoor_water_fountain,48.1989423332,16.3385926843,inactive,,2026-01-12 18:29:04.741631+00,0101000020E6100000BDBB9902AE56304025713FF176194840,,,,Trinkbrunnen
71aee328-3a2f-45f1-8787-20cf681b4e82,verified,vienna:2255415,outdoor_water_fountain,48.2064266898,16.3143083835,inactive,,2026-01-12 18:29:04.741631+00,0101000020E6100000BAFDA3837650304034DB94306C1A4840,,,,Trinkbrunnen
7216eef2-f6e0-4ba7-857c-5267faf79c36,verified,vienna:2255466,outdoor_water_fountain,48.2361686047,16.3342889348,inactive,,2026-01-12 18:29:04.741631+00,0101000020E61000007461AAF593553040A4C3D8C53A1E4840,,,,Trinkbrunnen
722fda13-169f-4a35-8207-d25b7b8680c8,verified,vienna:2255382,outdoor_water_fountain,48.1792842067,16.4153044115,inactive,,2026-01-12 18:29:04.741631+00,0101000020E6100000EB46D163516A30409F3BEEC8F2164840,,,,Trinkbrunnen
7274e115-ac0b-48fa-989f-a6a2bac98c7d,verified,vienna:2255107,outdoor_water_fountain,48.1494229409,16.3037811499,inactive,,2026-01-12 18:29:04.741631+00,0101000020E610000037F6F799C44D304005387A4A20134840,,true,,Trinkbrunnen mit Tränke
72c2c6bc-a0c9-4d58-8d02-068190d4eef0,verified,vienna:2254431,outdoor_water_fountain,48.1909689093,16.4701199824,inactive,,2026-01-12 18:29:04.741631+00,0101000020E6100000A69A7DC85978304086FF51AB71184840,,,,Trinkbrunnen
72f4ff74-39f6-44fd-b7b7-7b666d0f45f0,verified,vienna:2255507,outdoor_water_fountain,48.1983533159,16.3059712941,inactive,,2026-01-12 18:29:04.741631+00,0101000020E61000009FAC7D22544E3040FD6B36A463194840,,,,Trinkbrunnen
73266de1-8e17-434e-b104-4f3ce57db6f1,verified,vienna:2255140,outdoor_water_fountain,48.1991864572,16.4172188394,inactive,,2026-01-12 18:29:04.741631+00,0101000020E6100000827F96DACE6A304074BD1BF17E194840,,,,Trinkbrunnen
73350035-c409-49ad-9357-75b8ace7b5ba,verified,vienna:2254436,outdoor_water_fountain,48.2390377088,16.4024593236,inactive,,2026-01-12 18:29:04.741631+00,0101000020E610000010D500930767304044E7A2C9981E4840,,,,Trinkbrunnen
73915468-311f-4b9b-bb93-0c162a8c3c91,verified,vienna:2255670,outdoor_water_fountain,48.2145218384,16.3601290301,inactive,,2026-01-12 18:29:04.741631+00,0101000020E6100000A59E866A315C3040581A9C73751B4840,,,,Trinkbrunnen
73b66600-cb8b-4930-9ee2-9f275aa132a3,verified,vienna:2255662,outdoor_water_fountain,48.1692639304,16.3063574631,inactive,,2026-01-12 18:29:04.741631+00,0101000020E610000068E654716D4E3040EFBAC270AA154840,,,,Trinkbrunnen
73c03866-e1b0-49a8-b4ba-891c2c784048,verified,vienna:2255467,outdoor_water_fountain,48.2508815358,16.4026058711,inactive,,2026-01-12 18:29:04.741631+00,0101000020E6100000568DA92D1167304033B7DBE21C204840,,,,Trinkbrunnen
73d67bac-ba14-4918-bbb4-6ec1d556af6a,verified,vienna:2255071,outdoor_water_fountain,48.1823099159,16.3273785972,inactive,,2026-01-12 18:29:04.741631+00,0101000020E610000065627015CF53304075436BEE55174840,,true,,Trinkbrunnen mit Tränke
73e0db4f-af74-479e-911d-385d0546a947,verified,vienna:2255574,outdoor_water_fountain,48.2375729723,16.4531725882,inactive,,2026-01-12 18:29:04.741631+00,0101000020E61000003FC3651E03743040943889CA681E4840,,,,Trinkbrunnen
73e7a025-cd63-47cf-8eea-f64408fb961e,verified,vienna:2255578,outdoor_water_fountain,48.2206175871,16.3679648555,inactive,,2026-01-12 18:29:04.741631+00,0101000020E61000002A73DCF1325E30402BC274323D1C4840,,true,,Trinkbrunnen mit Tränke
750c5366-3999-4b0c-9b57-7a9ec6124549,verified,vienna:2255591,outdoor_water_fountain,48.2775788609,16.3825672712,inactive,,2026-01-12 18:29:04.741631+00,0101000020E6100000EF52BEEDEF6130402FD040B487234840,,true,,Trinkbrunnen mit Tränke
7514d5ca-8131-480c-b651-fb3982b6cd5e,verified,vienna:2255371,outdoor_water_fountain,48.1781046615,16.3687244704,inactive,,2026-01-12 18:29:04.741631+00,0101000020E6100000599A15BA645E30402E343022CC164840,,true,,Trinkbrunnen mit Tränke
75e4d63d-a3f2-4fc0-9c48-b7a2e20978d2,verified,vienna:2255193,outdoor_water_fountain,48.2211480068,16.3537002544,inactive,,2026-01-12 18:29:04.741631+00,0101000020E6100000213C91198C5A30400B64F0934E1C4840,,,,Trinkbrunnen
77076112-ba21-4fd8-8a3b-11f1ef1c827c,verified,vienna:2255471,outdoor_water_fountain,48.254441466,16.4216061681,inactive,,2026-01-12 18:29:04.741631+00,0101000020E610000008C8BF61EE6B3040B09BB78991204840,,true,,Trinkbrunnen mit Tränke
772b59ce-e2ce-4aff-84a4-59cd3eaa6654,verified,vienna:2255648,outdoor_water_fountain,48.237932904,16.4496559717,inactive,,2026-01-12 18:29:04.741631+00,0101000020E610000011E75CA71C73304041A9DC95741E4840,,,,Trinkbrunnen
781d2365-9fb4-41db-8e88-c957a0118e1e,verified,vienna:2255223,outdoor_water_fountain,48.2122330797,16.342492514,inactive,,2026-01-12 18:29:04.741631+00,0101000020E61000003CC1E296AD5730406E381C742A1B4840,,true,,Trinkbrunnen mit Tränke
78292d0c-f2bd-4fb2-9df5-ae9f9385d772,verified,vienna:2255156,outdoor_water_fountain,48.2074177551,16.3561787674,inactive,,2026-01-12 18:29:04.741631+00,0101000020E610000039831D882E5B3040D3613DAA8C1A4840,,true,,Trinkbrunnen mit Tränke
783c8fe2-b139-4359-aa9b-e0ea3613d24d,verified,vienna:2255317,outdoor_water_fountain,48.1571623608,16.462224693,inactive,,2026-01-12 18:29:04.741631+00,0101000020E6100000B1D6835B547630402AE66FE51D144840,,true,,Trinkbrunnen mit Tränke
78ea6149-d4bc-40be-85d8-d3efe0db1403,verified,vienna:2255429,outdoor_water_fountain,48.2045689699,16.3465166254,inactive,,2026-01-12 18:29:04.741631+00,0101000020E6100000009D4550B55830409BBFE5502F1A4840,,true,,Trinkbrunnen mit Tränke
7928860f-c76d-492c-9f37-9e74846c9f57,verified,vienna:2255211,outdoor_water_fountain,48.1572451268,16.4627134412,inactive,,2026-01-12 18:29:04.741631+00,0101000020E6100000A55F596374763040DB87BA9B20144840,,true,,Trinkbrunnen mit Tränke
7a4bbdd2-0768-47e7-bd24-438bdcb3fec6,verified,vienna:2255308,outdoor_water_fountain,48.1846466847,16.3628553884,inactive,,2026-01-12 18:29:04.741631+00,0101000020E6100000FA5A3A17E45C3040F80CA880A2174840,,,,Trinkbrunnen
7a5ef7a1-b2ce-40b5-8ae3-1ea6923c95e2,verified,vienna:2255548,outdoor_water_fountain,48.2145386803,16.4905327333,inactive,,2026-01-12 18:29:04.741631+00,0101000020E610000018249F8D937D3040C9CEE300761B4840,,true,,Trinkbrunnen mit Tränke
7be7da61-0920-43b3-b4b7-60073ef1daa3,verified,vienna:2255749,outdoor_water_fountain,48.239938381,16.4737957678,inactive,,2026-01-12 18:29:04.741631+00,0101000020E610000028AFEFAD4A793040A0B9054DB61E4840,,,,Trinkbrunnen
7bfd6a60-3b22-438d-bc98-c55e24bc1e9a,verified,vienna:2255297,outdoor_water_fountain,48.2080194651,16.3961620675,inactive,,2026-01-12 18:29:04.741631+00,0101000020E610000008D493E06A65304099C4BF61A01A4840,,true,,Trinkbrunnen mit Tränke
7c46919e-402b-4ecd-9008-c3eff4fbf403,verified,vienna:2255131,outdoor_water_fountain,48.2247197861,16.3878484973,inactive,,2026-01-12 18:29:04.741631+00,0101000020E6100000CCB4030A4A6330402508329EC31C4840,,,,Trinkbrunnen
7ca61451-66c6-4135-b9df-2b694637c9e1,verified,vienna:2255649,outdoor_water_fountain,48.1769516033,16.3886400912,inactive,,2026-01-12 18:29:04.741631+00,0101000020E6100000539EC1EA7D633040FA92A259A6164840,,true,,Trinkbrunnen mit Tränke
7d217eaa-0a83-4d8b-9b75-5194fcfcd19f,verified,vienna:2255263,outdoor_water_fountain,48.2215561198,16.3090593773,inactive,,2026-01-12 18:29:04.741631+00,0101000020E61000008F06EE831E4F3040846270F35B1C4840,,,,Trinkbrunnen
7d50beff-f39b-45a5-b9c4-ec46ab97aaef,verified,vienna:2255257,outdoor_water_fountain,48.1975914664,16.3526305484,inactive,,2026-01-12 18:29:04.741631+00,0101000020E6100000D4F2E0FE455A30400E145BAD4A194840,,true,,Trinkbrunnen mit Tränke
7d5e2661-fe8a-4818-9b67-5e0cb64f43ec,verified,vienna:2255008,outdoor_water_fountain,48.1753549711,16.3681194398,inactive,,2026-01-12 18:29:04.741631+00,0101000020E61000007DF65A133D5E304063081D0872164840,,true,,Trinkbrunnen mit Tränke
7e977d2a-bd8d-4b64-b679-d635e1fed926,verified,vienna:2255054,outdoor_water_fountain,48.2644242588,16.3983691507,inactive,,2026-01-12 18:29:04.741631+00,0101000020E6100000E6FD4985FB65304053E873A7D8214840,,true,,Trinkbrunnen mit Tränke
7ebe2710-468a-4133-be7b-f588d790a303,verified,vienna:2255766,outdoor_water_fountain,48.1592233247,16.2910575342,inactive,,2026-01-12 18:29:04.741631+00,0101000020E6100000B6A41EBF824A3040672C0E6E61144840,,true,,Trinkbrunnen mit Tränke
7ed52663-daa6-4947-bb37-9188de4e47d5,verified,vienna:2255460,outdoor_water_fountain,48.2615442734,16.3993594803,inactive,,2026-01-12 18:29:04.741631+00,0101000020E61000006E3C436C3C663040C35A62487A214840,,,,Trinkbrunnen
7f6bb7fe-525f-4ea6-a876-cbd734cd0a79,verified,vienna:2254441,outdoor_water_fountain,48.2677795729,16.3754574155,inactive,,2026-01-12 18:29:04.741631+00,0101000020E6100000FA9C28FA1D6030403812DE9946224840,,,,Trinkbrunnen
7fbe55ea-a50e-42e1-bfcb-252f0792eb38,verified,vienna:2255440,outdoor_water_fountain,48.2692585334,16.4487849177,inactive,,2026-01-12 18:29:04.741631+00,0101000020E6100000A5758091E37230409B8F491077224840,,,,Trinkbrunnen
7fe78da9-01e9-44b1-9bd7-294d9f901985,verified,vienna:2255433,outdoor_water_fountain,48.2088438344,16.3453550482,inactive,,2026-01-12 18:29:04.741631+00,0101000020E61000000A873D3069583040105C0F65BB1A4840,,,,Trinkbrunnen
8049872d-c13d-4d74-9d74-946f610fa48e,verified,vienna:2255647,outdoor_water_fountain,48.2100888609,16.2480461138,inactive,,2026-01-12 18:29:04.741631+00,0101000020E6100000C0AB3AF37F3F3040E2681931E41A4840,,true,,Trinkbrunnen mit Tränke
8064c719-b8d5-406e-a483-a01f4bcbd405,verified,vienna:2255069,outdoor_water_fountain,48.1814869897,16.3395734329,inactive,,2026-01-12 18:29:04.741631+00,0101000020E61000005DE5D448EE5630409BB436F73A174840,,true,,Trinkbrunnen mit Tränke
80a4362a-2e8b-4886-8b5b-931d672ee451,verified,vienna:2254406,outdoor_water_fountain,48.219760074,16.4212300488,inactive,,2026-01-12 18:29:04.741631+00,0101000020E610000040B083BBD56B3040F5651D19211C4840,,,,Trinkbrunnen
80acac13-249b-42b7-953e-9fac91359bf8,verified,vienna:2255452,outdoor_water_fountain,48.2410151914,16.3205036115,inactive,,2026-01-12 18:29:04.741631+00,0101000020E610000074A451860C5230407B73F695D91E4840,,true,,Trinkbrunnen mit Tränke
81684498-a117-4ca1-83b5-80921d6978c7,verified,vienna:2255063,outdoor_water_fountain,48.1815086009,16.3330891269,inactive,,2026-01-12 18:29:04.741631+00,0101000020E61000004EB03A5445553040746780AC3B174840,,true,,Trinkbrunnen mit Tränke
81797fc5-a5e7-42ef-9da5-5763c30bbdc7,verified,vienna:2255640,outdoor_water_fountain,48.1791307479,16.383110999,inactive,,2026-01-12 18:29:04.741631+00,0101000020E61000006171FB8F1362304021F89FC1ED164840,,true,,Trinkbrunnen mit Tränke
81a52c5a-27fe-4d8d-904d-b6f822c9d9f3,verified,vienna:2255589,outdoor_water_fountain,48.2316562154,16.3479863691,inactive,,2026-01-12 18:29:04.741631+00,0101000020E610000000BD7AA21559304071872EE9A61D4840,,,,Trinkbrunnen
81c48b76-18c8-4045-9633-27f22d9b5824,verified,vienna:2255249,outdoor_water_fountain,48.1985145663,16.3306304485,inactive,,2026-01-12 18:29:04.741631+00,0101000020E61000008B5E7332A4543040E104E1EC68194840,,true,,Trinkbrunnen mit Tränke
81dd979e-d48d-4d7a-aba6-fb258edf788e,verified,vienna:2255067,outdoor_water_fountain,48.17585124,16.3312367807,inactive,,2026-01-12 18:29:04.741631+00,0101000020E6100000BD5604EFCB5430406A611E4B82164840,,true,,Trinkbrunnen mit Tränke
8325679a-7344-48be-951e-4dda0c63de1a,verified,vienna:2255350,outdoor_water_fountain,48.1717340636,16.3941537399,inactive,,2026-01-12 18:29:04.741631+00,0101000020E610000072776E42E7643040B662BD61FB154840,,true,,Trinkbrunnen mit Tränke
84cc25b7-6595-4f3d-be7a-b1c71d40c6f8,verified,vienna:2255744,outdoor_water_fountain,48.1824541655,16.4014383982,inactive,,2026-01-12 18:29:04.741631+00,0101000020E6100000ACA0B7AAC4663040B5EB78A85A174840,,,,Trinkbrunnen
84faee0c-efe3-43d1-9c1f-c27e8cbc3b9c,verified,vienna:2255104,outdoor_water_fountain,48.1488689898,16.3133003308,inactive,,2026-01-12 18:29:04.741631+00,0101000020E6100000AB9C5273345030402F4A99230E134840,,true,,Trinkbrunnen mit Tränke
850eb622-dc1b-418b-a90f-b612b3f71350,verified,vienna:2255650,outdoor_water_fountain,48.1781881267,16.3863262977,inactive,,2026-01-12 18:29:04.741631+00,0101000020E6100000CD34BE47E6623040235B58DECE164840,,true,,Trinkbrunnen mit Tränke
853113c6-fd81-4d5e-80b9-4ba9be3bae6b,verified,vienna:2255370,outdoor_water_fountain,48.1664382122,16.3676001244,inactive,,2026-01-12 18:29:04.741631+00,0101000020E6100000B44DB00A1B5E3040131AEBD84D154840,,true,,Trinkbrunnen mit Tränke
856e1a35-530f-4c9a-b20d-fc9f51e1946c,verified,vienna:2255204,outdoor_water_fountain,48.1964611601,16.3190834252,inactive,,2026-01-12 18:29:04.741631+00,0101000020E6100000FEED8B73AF51304028C8A8A325194840,,true,,Trinkbrunnen mit Tränke
85a44bec-c27a-4460-9dde-27154a3873a5,verified,vienna:2255151,outdoor_water_fountain,48.1988328048,16.2827595437,inactive,,2026-01-12 18:29:04.741631+00,0101000020E6100000C9D2F0ED6248304075FE745A73194840,,,,Trinkbrunnen
8649aec3-f3a2-4904-8149-151119ff9513,verified,vienna:2255473,outdoor_water_fountain,48.2079230038,16.2860629282,inactive,,2026-01-12 18:29:04.741631+00,0101000020E61000008D37896B3B4930401BB492389D1A4840,,true,,Trinkbrunnen mit Tränke
868d742f-0f3e-422e-98f3-cba1f484627f,verified,vienna:2255166,outdoor_water_fountain,48.2189079713,16.3348836198,inactive,,2026-01-12 18:29:04.741631+00,0101000020E6100000D101D3EEBA5530409AC8282D051C4840,,true,,Trinkbrunnen mit Tränke
86a36904-8b92-45b6-9f80-40f0e9a20df1,verified,vienna:2255503,outdoor_water_fountain,48.21452052,16.5261100292,inactive,,2026-01-12 18:29:04.741631+00,0101000020E6100000F9829925AF86304047DC8C68751B4840,,true,,Trinkbrunnen mit Tränke
86b730e3-5e13-4538-aa70-b7e54c15b7c5,verified,vienna:2255162,outdoor_water_fountain,48.2250499121,16.3144139961,inactive,,2026-01-12 18:29:04.741631+00,0101000020E610000078A7866F7D503040F5377E6FCE1C4840,,,,Trinkbrunnen
86c7e377-6e74-407b-873e-c743176c421a,verified,vienna:2255667,outdoor_water_fountain,48.2305859241,16.2949010812,inactive,,2026-01-12 18:29:04.741631+00,0101000020E61000001D4F23A37E4B3040B676EDD6831D4840,,true,,Trinkbrunnen mit Tränke
8777e253-549b-41a5-a2c6-d4ff06fe85e8,verified,vienna:2255268,outdoor_water_fountain,48.2235162765,16.3368466796,inactive,,2026-01-12 18:29:04.741631+00,0101000020E6100000F0A580953B56304079D86C2E9C1C4840,,true,,Trinkbrunnen mit Tränke
880e9893-c77e-4c88-af0e-3d758c0f9823,verified,vienna:2255027,outdoor_water_fountain,48.172210453,16.3592447755,inactive,,2026-01-12 18:29:04.741631+00,0101000020E610000007083277F75B304009D5FBFD0A164840,,true,,Trinkbrunnen mit Tränke
8817fe51-8c48-4c9c-ab34-2197dd29f2f0,verified,vienna:2255196,outdoor_water_fountain,48.1712124511,16.4141859516,inactive,,2026-01-12 18:29:04.741631+00,0101000020E6100000AB952C17086A30403D12234AEA154840,,true,,Trinkbrunnen mit Tränke
884c5595-0c45-43cb-bb95-d3fae64af7fc,verified,vienna:2255366,outdoor_water_fountain,48.1601457574,16.471808586,inactive,,2026-01-12 18:29:04.741631+00,0101000020E61000008ED78E72C87830402650FBA77F144840,,true,,Trinkbrunnen mit Tränke
88cd10dc-04d4-4528-bced-baa6e848713b,verified,vienna:2255275,outdoor_water_fountain,48.2270314471,16.5004059628,inactive,,2026-01-12 18:29:04.741631+00,0101000020E61000000BF3EC9A1A803040A23AD05D0F1D4840,,true,,Trinkbrunnen mit Tränke
89c89ecf-8f0a-4da1-a97b-413bf4baa40c,verified,vienna:2255484,outdoor_water_fountain,48.2091694794,16.313151186,inactive,,2026-01-12 18:29:04.741631+00,0101000020E6100000D89216AD2A50304014ACC410C61A4840,,true,,Trinkbrunnen mit Tränke
89e43888-7609-47c0-a358-a8020dc8b6a0,verified,vienna:2255395,outdoor_water_fountain,48.2342273263,16.3735309251,inactive,,2026-01-12 18:29:04.741631+00,0101000020E6100000605903B99F5F3040DE243929FB1D4840,,,,Trinkbrunnen
8a04690c-c71f-4d86-99ef-666c54fb21d2,verified,vienna:2255214,outdoor_water_fountain,48.1480942159,16.3090247433,inactive,,2026-01-12 18:29:04.741631+00,0101000020E6100000D820DE3E1C4F3040360253C0F4124840,,true,,Trinkbrunnen mit Tränke
8a3dd986-3f51-43e4-9a62-b39d002f8812,verified,vienna:2255506,outdoor_water_fountain,48.2416018613,16.4799822103,inactive,,2026-01-12 18:29:04.741631+00,0101000020E61000007AE6371DE07A3040D6774ECFEC1E4840,,true,,Trinkbrunnen mit Tränke
8a493891-45d6-499b-b866-7621390ec3dc,verified,vienna:2255397,outdoor_water_fountain,48.2400121507,16.3786448935,inactive,,2026-01-12 18:29:04.741631+00,0101000020E610000041612ADFEE60304016F3D8B7B81E4840,,true,,Trinkbrunnen mit Tränke
8a518917-e999-4da5-a1db-d7c1bffa8b42,verified,vienna:2255065,outdoor_water_fountain,48.186671119,16.3370760245,inactive,,2026-01-12 18:29:04.741631+00,0101000020E6100000427E459D4A5630403B9BD7D6E4174840,,true,,Trinkbrunnen mit Tränke
8a8ec78b-6bda-4c63-bd93-6e89b9cc1854,verified,vienna:2254407,outdoor_water_fountain,48.2282219068,16.409347259,inactive,,2026-01-12 18:29:04.741631+00,0101000020E6100000BC1C62FBCA683040E8F71C60361D4840,,,,Trinkbrunnen
8ae19ed5-1fca-4402-81e6-bec29ab0ba97,verified,vienna:2255560,outdoor_water_fountain,48.2531829034,16.442711057,inactive,,2026-01-12 18:29:04.741631+00,0101000020E610000081640783557130403201214C68204840,,,,Trinkbrunnen
8ae7cd63-3452-4f34-881d-4d6b6c9523ca,verified,vienna:2255450,outdoor_water_fountain,48.2534035396,16.3413962684,inactive,,2026-01-12 18:29:04.741631+00,0101000020E610000023C1EFBE65573040E6A2F5866F204840,,true,,Trinkbrunnen mit Tränke
8b9e28a5-8e83-4d9d-8ff4-901421090ebd,verified,vienna:2255029,outdoor_water_fountain,48.271840567,16.4490692235,inactive,,2026-01-12 18:29:04.741631+00,0101000020E610000097925C33F6723040DC7EF4ABCB224840,,,,Trinkbrunnen
8b9e5ee4-ac48-4b92-9a04-ff1b76c98492,verified,vienna:2255544,outdoor_water_fountain,48.217371161,16.4821431538,inactive,,2026-01-12 18:29:04.741631+00,0101000020E6100000B18FD5BB6D7B304056CB75D1D21B4840,,true,,Trinkbrunnen mit Tränke
8c049632-1062-4223-9199-698195387621,verified,vienna:2255572,outdoor_water_fountain,48.1692911855,16.4110578235,inactive,,2026-01-12 18:29:04.741631+00,0101000020E61000008BB2E4153B6930409E9C6455AB154840,,true,,Trinkbrunnen mit Tränke
8c19e39f-f569-452e-be16-af6d038b2f47,verified,vienna:2255358,outdoor_water_fountain,48.1810281779,16.4152742585,inactive,,2026-01-12 18:29:04.741631+00,0101000020E6100000CE20EF694F6A304013DE6BEE2B174840,,,,Trinkbrunnen
8d7c2c44-d6fd-4861-a7cb-175ba04a9058,verified,vienna:2255536,outdoor_water_fountain,48.1659948122,16.2575442812,inactive,,2026-01-12 18:29:04.741631+00,0101000020E61000009D06096CEE41304032DA68513F154840,,,,Trinkbrunnen
8d897970-f67d-49b7-9a6b-9d80b2076b13,verified,vienna:2255552,outdoor_water_fountain,48.2179528462,16.5252660404,inactive,,2026-01-12 18:29:04.741631+00,0101000020E6100000A837D1D577863040E33FFDE0E51B4840,,true,,Trinkbrunnen mit Tränke
8da8a8d0-7311-42c2-a86a-9ed17fd1a987,verified,vienna:2255122,outdoor_water_fountain,48.2490040636,16.39982887,inactive,,2026-01-12 18:29:04.741631+00,0101000020E61000008AA5502F5B663040D6DD7A5DDF1F4840,,,,Trinkbrunnen
8e5dbdf6-1dea-40da-9c3c-aa7e99306961,verified,vienna:2255368,outdoor_water_fountain,48.1658443779,16.3519792013,inactive,,2026-01-12 18:29:04.741631+00,0101000020E6100000A974164F1B5A30402AA779633A154840,,,,Trinkbrunnen
8f336fea-bf71-4e0f-ae94-804fa49185c7,verified,vienna:2254426,outdoor_water_fountain,48.1723849191,16.4991193988,inactive,,2026-01-12 18:29:04.741631+00,0101000020E61000002BA5F649C67F3040D6ED82B510164840,,,,Trinkbrunnen
8f3d85d6-e2b7-4e65-b11b-d7629c1e73e6,verified,vienna:2255243,outdoor_water_fountain,48.1976048338,16.4010844386,inactive,,2026-01-12 18:29:04.741631+00,0101000020E6100000B6B84278AD663040EC597D1D4B194840,,true,,Trinkbrunnen mit Tränke
8f5e69be-9e99-4cd6-990e-f470c0911ba9,verified,vienna:2254998,outdoor_water_fountain,48.1756361208,16.3547320096,inactive,,2026-01-12 18:29:04.741631+00,0101000020E61000008C138CB7CF5A3040896A913E7B164840,,true,,Trinkbrunnen mit Tränke
8f788bc4-6fdd-4fd6-9e39-f65ec7bc75a3,verified,vienna:2255282,outdoor_water_fountain,48.2239389576,16.5006870425,inactive,,2026-01-12 18:29:04.741631+00,0101000020E61000008711A9062D8030409E982108AA1C4840,,,,Trinkbrunnen
8f87a7dc-6dbb-417d-bf90-21c04f261629,verified,vienna:2255312,outdoor_water_fountain,48.1807000527,16.3489196688,inactive,,2026-01-12 18:29:04.741631+00,0101000020E61000005A6DA6CC52593040B15DE82D21174840,,true,,Trinkbrunnen mit Tränke
901949e7-0e53-4d93-90bf-b4a643616716,verified,vienna:2255085,outdoor_water_fountain,48.1645079513,16.2727532971,inactive,,2026-01-12 18:29:04.741631+00,0101000020E6100000B1EBFA28D3453040FB61B7980E154840,,,,Trinkbrunnen
90d5dcc2-7646-4f6f-8097-62f3a77dea95,verified,vienna:2255531,outdoor_water_fountain,48.18885584,16.3188763865,inactive,,2026-01-12 18:29:04.741631+00,0101000020E6100000F27B03E2A1513040B43A9C6D2C184840,,true,,Trinkbrunnen mit Tränke
91337ffe-8ff1-42b6-ada4-286185925db4,verified,vienna:2255252,outdoor_water_fountain,48.2056629912,16.3563791909,inactive,,2026-01-12 18:29:04.741631+00,0101000020E6100000F4E3A9AA3B5B3040CC99362A531A4840,,true,,Trinkbrunnen mit Tränke
914ed4e4-95ad-4b22-b0c7-7db2d3ca8f71,verified,vienna:2255095,outdoor_water_fountain,48.1398336521,16.3149564102,inactive,,2026-01-12 18:29:04.741631+00,0101000020E61000007D79B9FBA05030402B53B111E6114840,,true,,Trinkbrunnen mit Tränke
9272a149-51eb-4476-871e-adf9f62d80da,verified,vienna:2255291,outdoor_water_fountain,48.1708087845,16.3783206026,inactive,,2026-01-12 18:29:04.741631+00,0101000020E6100000EC91779ED960304004A6EF0FDD154840,,true,,Trinkbrunnen mit Tränke
93128e6f-b794-4818-bebf-262c59c2f223,verified,vienna:2255237,outdoor_water_fountain,48.1878443965,16.3628084335,inactive,,2026-01-12 18:29:04.741631+00,0101000020E610000072987403E15C304028DA01490B184840,,true,,Trinkbrunnen mit Tränke
9350eef0-4da7-415a-b969-8137db459033,verified,vienna:2255556,outdoor_water_fountain,48.2947171487,16.4166846211,inactive,,2026-01-12 18:29:04.741631+00,0101000020E6100000E35EE4D7AB6A3040529EA14AB9254840,,,,Trinkbrunnen
935c577a-80c9-44b3-af8e-b7dc43949a29,verified,vienna:2255501,outdoor_water_fountain,48.2104104061,16.3192416727,inactive,,2026-01-12 18:29:04.741631+00,0101000020E61000004FC47FD2B951304003786ABAEE1A4840,,,,Trinkbrunnen
936a0f08-9c42-40b4-80a1-895c58898fd2,verified,vienna:2255754,outdoor_water_fountain,48.1964478658,16.2858579385,inactive,,2026-01-12 18:29:04.741631+00,0101000020E6100000D42861FC2D493040717D233425194840,,true,,Trinkbrunnen mit Tränke
93876bf6-062a-4638-a2da-039af526eb5d,verified,vienna:2255610,outdoor_water_fountain,48.2743494697,16.4057856576,inactive,,2026-01-12 18:29:04.741631+00,0101000020E6100000EE93A091E1673040AA0428E21D234840,,true,,Trinkbrunnen mit Tränke
94234198-73d6-4957-ba77-405c0a25ebbe,verified,vienna:2255315,outdoor_water_fountain,48.189270701,16.332717455,inactive,,2026-01-12 18:29:04.741631+00,0101000020E61000008A089CF82C5530406871B7053A184840,,true,,Trinkbrunnen mit Tränke
965e0e32-0ebd-4dd8-9ae7-9f64a179d69e,verified,vienna:2255006,outdoor_water_fountain,48.2098953822,16.3271987831,inactive,,2026-01-12 18:29:04.741631+00,0101000020E61000009BB4A84CC3533040B21015DADD1A4840,,true,,Trinkbrunnen mit Tränke
96f4f05c-70c7-4141-b824-6a111f575f0a,verified,vienna:2255387,outdoor_water_fountain,48.1963462921,16.2760670808,inactive,,2026-01-12 18:29:04.741631+00,0101000020E6100000C7890B55AC46304054A113E021194840,,,,Trinkbrunnen
974330ed-7c91-4253-8966-b326ffc65bdd,verified,vienna:2254997,outdoor_water_fountain,48.1746842132,16.3686391143,inactive,,2026-01-12 18:29:04.741631+00,0101000020E6100000E5F10B225F5E30402769630D5C164840,,true,,Trinkbrunnen mit Tränke
9773c4c4-fd15-4813-b4c1-3d25d7511e2f,verified,vienna:2255558,outdoor_water_fountain,48.2590639046,16.4236020233,inactive,,2026-01-12 18:29:04.741631+00,0101000020E6100000CA97A42E716C304060EA8A0129214840,,,,Trinkbrunnen
99708890-6aea-476a-9a76-4186524ef7f8,verified,vienna:2255747,outdoor_water_fountain,48.2144043928,16.3179669745,inactive,,2026-01-12 18:29:04.741631+00,0101000020E610000081AF9C4866513040ED98679A711B4840,,,,Trinkbrunnen
997d5536-f95d-4908-a1eb-19bff85d1795,verified,vienna:2255134,outdoor_water_fountain,48.220283297,16.4003631197,inactive,,2026-01-12 18:29:04.741631+00,0101000020E6100000D3A289327E6630402B3C3A3E321C4840,,true,,Trinkbrunnen mit Tränke
9a14fe0e-a8e9-4839-bbe4-5eb7f0db7ad8,verified,vienna:2255537,outdoor_water_fountain,48.18772553,16.4033260733,inactive,,2026-01-12 18:29:04.741631+00,0101000020E61000009672A66040673040B5FCE16307184840,,,,Trinkbrunnen
9ad2e7b6-ba6b-47ca-82f7-3e2a125ed433,verified,vienna:2255613,outdoor_water_fountain,48.2459272549,16.3306537508,inactive,,2026-01-12 18:29:04.741631+00,0101000020E610000059FC65B9A5543040CB7E568B7A1F4840,,true,,Trinkbrunnen mit Tränke
9af83aad-ff0c-4e2d-bfed-5448e956af81,verified,vienna:2255453,outdoor_water_fountain,48.2049000791,16.4058581028,inactive,,2026-01-12 18:29:04.741631+00,0101000020E6100000B5570E51E66730405657712A3A1A4840,,true,,Trinkbrunnen mit Tränke
9b6318d4-03c8-41f3-af20-7a2367bcba18,verified,vienna:2255521,outdoor_water_fountain,48.2147881868,16.4146400051,inactive,,2026-01-12 18:29:04.741631+00,0101000020E61000008D84EDD8256A3040C3EFE62D7E1B4840,,true,,Trinkbrunnen mit Tränke
9c656061-4227-49b7-971a-1bbedd739966,verified,vienna:2255147,outdoor_water_fountain,48.2048132454,16.4083630223,inactive,,2026-01-12 18:29:04.741631+00,0101000020E61000009AACA17A8A683040EB630752371A4840,,true,,Trinkbrunnen mit Tränke
9cbd46b9-a62d-4d16-b8ed-49a82d76ec19,verified,vienna:2255088,outdoor_water_fountain,48.1855355007,16.2871541496,inactive,,2026-01-12 18:29:04.741631+00,0101000020E6100000547131EF8249304072E095A0BF174840,,true,,Trinkbrunnen mit Tränke
9cdc2015-31e5-421a-ae01-ee417aaaa922,verified,vienna:2255294,outdoor_water_fountain,48.1946666414,16.348784216,inactive,,2026-01-12 18:29:04.741631+00,0101000020E6100000BC1421EC49593040B33725D6EA184840,,true,,Trinkbrunnen mit Tränke
9d305386-62f9-40c8-84f3-a8ee6f4883cc,verified,vienna:2255400,outdoor_water_fountain,48.235580311,16.3676471903,inactive,,2026-01-12 18:29:04.741631+00,0101000020E610000007CE52201E5E3040CBA9E17E271E4840,,true,,Trinkbrunnen mit Tränke
9d6006db-d0f7-47c8-878c-e53f149cc943,verified,vienna:2255125,outdoor_water_fountain,48.2368374154,16.410491555,inactive,,2026-01-12 18:29:04.741631+00,0101000020E61000005A027CF9156930405BCE3CB0501E4840,,,,Trinkbrunnen
9dc2883e-f8bd-439c-9a72-b11a2e7b0e40,verified,vienna:2255598,outdoor_water_fountain,48.1683726994,16.2969848132,inactive,,2026-01-12 18:29:04.741631+00,0101000020E6100000491A5C32074C30402BBB923C8D154840,,,,Trinkbrunnen
9e028f9d-2abb-4a98-9177-6f5ade5e6be9,verified,vienna:2255163,outdoor_water_fountain,48.2232100021,16.3303637955,inactive,,2026-01-12 18:29:04.741631+00,0101000020E61000007674C1B8925430406D943525921C4840,,true,,Trinkbrunnen mit Tränke
9ea06388-e27f-46a0-9908-8acafb6a5216,verified,vienna:2255123,outdoor_water_fountain,48.2407797584,16.4053199825,inactive,,2026-01-12 18:29:04.741631+00,0101000020E6100000B740E50CC3673040F3EE01DFD11E4840,,true,,Trinkbrunnen mit Tränke
9ef754c7-5e59-4013-a37d-0f0352b8a9b3,verified,vienna:2255528,outdoor_water_fountain,48.2075258161,16.3429561944,inactive,,2026-01-12 18:29:04.741631+00,0101000020E61000009BE826FACB573040D49CB834901A4840,,,,Trinkbrunnen
9f5ade97-96c7-4c6f-bf11-9458d8e3882d,community,,outdoor_water_fountain,48.2116029540583,16.3690065115922,active,b9f5ea8c-6f3f-4dbe-b0d6-e06333ae78b7,2026-01-28 10:44:37.900812+00,0101000020E6100000B84CF335775E304068B53BCE151B4840,true,,community/58e79f41-2752-4524-9926-9d17d9337220.jpg,"Drahtgasse 2, 1010 Wien, Autriche"
9fc04a37-1d71-4a95-b7a8-12df8840bbb7,verified,vienna:2255390,outdoor_water_fountain,48.2389025529,16.384256936,inactive,,2026-01-12 18:29:04.741631+00,0101000020E610000094619DA95E62304076D1DD5B941E4840,,true,,Trinkbrunnen mit Tränke
a0bc8128-4416-44c0-95ca-ce7d663bf3f5,verified,vienna:2255053,outdoor_water_fountain,48.2526870085,16.4151422899,inactive,,2026-01-12 18:29:04.741631+00,0101000020E61000009B4EDEC3466A3040D7D0420C58204840,,true,,Trinkbrunnen mit Tränke
a0c7331b-b43f-4a4c-a675-4f054acd1098,verified,vienna:2255625,outdoor_water_fountain,48.2243441553,16.5035894615,inactive,,2026-01-12 18:29:04.741631+00,0101000020E6100000B4C02B3DEB803040F8072D4FB71C4840,,true,,Trinkbrunnen mit Tränke
a17642a5-ef07-48e0-a573-ace5b2247629,verified,vienna:2255624,outdoor_water_fountain,48.2477001907,16.307099298,inactive,,2026-01-12 18:29:04.741631+00,0101000020E6100000D988410F9E4E30407E22CDA3B41F4840,,,,Trinkbrunnen
a192d5ec-89eb-4fcf-9ff1-7cc5a61ec132,verified,vienna:2255535,outdoor_water_fountain,48.2496856188,16.3477857153,inactive,,2026-01-12 18:29:04.741631+00,0101000020E6100000BE3A117C085930408683C7B2F51F4840,,,,Trinkbrunnen
a1ff82c6-d7f4-4648-bcbe-48fc4a0c1e11,verified,vienna:2255047,outdoor_water_fountain,48.2020312996,16.2516314556,inactive,,2026-01-12 18:29:04.741631+00,0101000020E6100000667248EB6A40304073466029DC194840,,,,Trinkbrunnen
a269927d-e299-4519-b56d-d4b0ba80a9d5,verified,vienna:2255603,outdoor_water_fountain,48.2225413228,16.3908314929,inactive,,2026-01-12 18:29:04.741631+00,0101000020E61000009A4060880D643040A0B7EB3B7C1C4840,,true,,Trinkbrunnen mit Tränke
a2e60e54-711c-458b-98e3-13a48703792c,verified,vienna:2254437,outdoor_water_fountain,48.2367992644,16.4044777582,inactive,,2026-01-12 18:29:04.741631+00,0101000020E6100000AB6DB7DA8B6730404D2834704F1E4840,,,,Trinkbrunnen
a33308ad-17a8-4a6d-a42a-fa0235d2ddee,verified,vienna:2255173,outdoor_water_fountain,48.236794752,16.3340819607,inactive,,2026-01-12 18:29:04.741631+00,0101000020E6100000DB633765865530402BDA594A4F1E4840,,,,Trinkbrunnen
a3c1fb35-207a-42cb-a1ef-4e0009f6ccac,verified,vienna:2255098,outdoor_water_fountain,48.1517213926,16.3447990451,inactive,,2026-01-12 18:29:04.741631+00,0101000020E610000083650EC04458304009A9499B6B134840,,true,,Trinkbrunnen mit Tränke
a4a27249-f4b8-400e-91c0-4f0ac560a71a,verified,vienna:2255169,outdoor_water_fountain,48.2086900115,16.5185152735,inactive,,2026-01-12 18:29:04.741631+00,0101000020E6100000B428BE6ABD8430407B32B35AB61A4840,,true,,Trinkbrunnen mit Tränke
a4a2b69d-e11d-40d9-9aa2-3beefceabc77,verified,vienna:2255494,outdoor_water_fountain,48.15086291,16.3990085916,inactive,,2026-01-12 18:29:04.741631+00,0101000020E6100000BABE536D256630409050D0794F134840,,true,,Trinkbrunnen mit Tränke
a575fafb-f6d9-4aed-bad6-46c05de9b906,verified,vienna:2255676,outdoor_water_fountain,48.1521384583,16.2867064022,inactive,,2026-01-12 18:29:04.741631+00,0101000020E6100000B9003D9765493040626EE34579134840,,true,,Trinkbrunnen mit Tränke
a5ab1ac9-e72e-4bd2-97aa-f6279538386b,verified,vienna:2255219,outdoor_water_fountain,48.196217941,16.3025859289,inactive,,2026-01-12 18:29:04.741631+00,0101000020E6100000F4DA7C45764D3040E2BD63AB1D194840,,true,,Trinkbrunnen mit Tränke
a5b36fb4-bd0d-4570-b79f-6acb1446e21c,verified,vienna:2255227,outdoor_water_fountain,48.2260272748,16.3979940392,inactive,,2026-01-12 18:29:04.741631+00,0101000020E6100000F05DF6EFE265304090A23476EE1C4840,,true,,Trinkbrunnen mit Tränke
a6e6c8c7-d815-4095-ae3c-33caca25c8c2,verified,vienna:2255514,outdoor_water_fountain,48.2139448123,16.3439822245,inactive,,2026-01-12 18:29:04.741631+00,0101000020E610000001A214380F5830401AFD298B621B4840,,,,Trinkbrunnen
a72d6e05-c757-484b-b262-1beeabf67a49,verified,vienna:2255594,outdoor_water_fountain,48.1355386845,16.2818535384,inactive,,2026-01-12 18:29:04.741631+00,0101000020E61000009CB0B18D274830409BA2E45459114840,,true,,Trinkbrunnen mit Tränke
a7416bc5-1e7d-48f8-8b34-89d27842963e,verified,vienna:2255348,outdoor_water_fountain,48.1941108728,16.3423966185,inactive,,2026-01-12 18:29:04.741631+00,0101000020E6100000EFB7064EA7573040AD3C05A0D8184840,,true,,Trinkbrunnen mit Tränke
a76e9ee6-19a2-4344-9527-bd2687206e24,verified,vienna:2254433,outdoor_water_fountain,48.2118340183,16.4388033273,inactive,,2026-01-12 18:29:04.741631+00,0101000020E61000002621346A55703040AF638A601D1B4840,,,,Trinkbrunnen
a798ab86-79b5-4d75-a36c-acee1a9cc3cd,verified,vienna:2255174,outdoor_water_fountain,48.1897547639,16.3269241449,inactive,,2026-01-12 18:29:04.741631+00,0101000020E6100000479EFE4CB1533040F89A54E249184840,,true,,Trinkbrunnen mit Tränke
a8b76fae-3bbd-4c42-b134-3632ac0b53ac,verified,vienna:2255510,outdoor_water_fountain,48.1633690265,16.2919704111,inactive,,2026-01-12 18:29:04.741631+00,0101000020E6100000FD12A792BE4A304099FFB846E9144840,,,,Trinkbrunnen
a8bbb07f-48b9-4607-b182-253d745f6de6,verified,vienna:2255234,outdoor_water_fountain,48.194115497,16.3189185009,inactive,,2026-01-12 18:29:04.741631+00,0101000020E6100000717493A4A451304082A1CFC6D8184840,,true,,Trinkbrunnen mit Tränke
a8d4ed75-d5c6-4529-b52f-f5953a17ae31,verified,vienna:2255432,outdoor_water_fountain,48.1989014063,16.3473425169,inactive,,2026-01-12 18:29:04.741631+00,0101000020E610000088986E70EB583040ED97ED9975194840,,,,Trinkbrunnen
a960c2bc-5b8f-4bb0-9494-ea283278b375,verified,vienna:2255327,outdoor_water_fountain,48.2101162225,16.3274722567,inactive,,2026-01-12 18:29:04.741631+00,0101000020E6100000B2DFC838D55330408FFF9F16E51A4840,,true,,Trinkbrunnen mit Tränke
a97f48a3-f693-4f91-84bc-90e6644daf2a,verified,vienna:2255605,outdoor_water_fountain,48.1695011697,16.3823570015,inactive,,2026-01-12 18:29:04.741631+00,0101000020E6100000D1D60026E2613040643FDE36B2154840,,true,,Trinkbrunnen mit Tränke
a989ac65-4a27-4aa9-b07d-d7b4b0d1d642,verified,vienna:2255489,outdoor_water_fountain,48.1964276375,16.3632903406,inactive,,2026-01-12 18:29:04.741631+00,0101000020E610000067D48398005D3040E98B738A24194840,,true,,Trinkbrunnen mit Tränke
aa075efa-821a-4961-9a06-443a76aeba96,verified,vienna:2254994,outdoor_water_fountain,48.1678796481,16.3840039705,inactive,,2026-01-12 18:29:04.741631+00,0101000020E6100000E7D48E154E62304072208F147D154840,,true,,Trinkbrunnen mit Tränke
aa49cb5e-3726-4027-9d4c-c66da01e0e2b,verified,vienna:2255425,outdoor_water_fountain,48.2001187872,16.3135108086,inactive,,2026-01-12 18:29:04.741631+00,0101000020E610000028E18D3E425030406A2B0F7E9D194840,,true,,Trinkbrunnen mit Tränke
aab6c91c-1754-4665-9967-4c11da8fdf01,verified,vienna:2255030,outdoor_water_fountain,48.1547238379,16.4697926976,inactive,,2026-01-12 18:29:04.741631+00,0101000020E6100000741790554478304097D89FFDCD134840,,true,,Trinkbrunnen mit Tränke
ab1cb0b9-8979-4216-bfbd-8ecaa6b4028e,verified,vienna:2255176,outdoor_water_fountain,48.2521693514,16.4335113622,inactive,,2026-01-12 18:29:04.741631+00,0101000020E6100000EA17C399FA6E304084A8D61547204840,,true,,Trinkbrunnen mit Tränke
ab32a411-be64-49e0-b471-e5daedb02a95,verified,vienna:2255024,outdoor_water_fountain,48.153318404,16.4616104834,inactive,,2026-01-12 18:29:04.741631+00,0101000020E61000009AB1C91A2C7630400787FDEF9F134840,,true,,Trinkbrunnen mit Tränke
acecaf80-a85e-435b-b63c-138076326aca,verified,vienna:2255074,outdoor_water_fountain,48.1789036502,16.3346685973,inactive,,2026-01-12 18:29:04.741631+00,0101000020E6100000D56658D7AC5530403C5F9750E6164840,,true,,Trinkbrunnen mit Tränke
ad09fae1-5d50-4614-9ba6-938130c1016f,community,,outdoor_water_fountain,48.2082,16.3738,active,b9f5ea8c-6f3f-4dbe-b0d6-e06333ae78b7,2026-01-28 13:48:25.504686+00,0101000020E6100000A83E575BB15F30407D832F4CA61A4840,,true,community/c6a62da0-cc94-4a52-84af-31448b32005a.jpg,"Altenberger Str. 66c/Science Park 4, 4040 Linz, Autriche"
ad594950-ac26-4e35-af83-c4d497e22724,verified,vienna:2255485,outdoor_water_fountain,48.2156216428,16.3125753531,inactive,,2026-01-12 18:29:04.741631+00,0101000020E6100000A41937F0045030406211707D991B4840,,,,Trinkbrunnen
ada950f5-a34d-4eeb-95ab-2b8305fcd3b0,verified,vienna:2255359,outdoor_water_fountain,48.1739856957,16.3776800494,inactive,,2026-01-12 18:29:04.741631+00,0101000020E61000005086C4A3AF6030406C80CC2945164840,,true,,Trinkbrunnen mit Tränke
af1af2b9-c07d-4bc6-be8d-7f0f89b76920,verified,vienna:2255456,outdoor_water_fountain,48.2583573062,16.3533360483,inactive,,2026-01-12 18:29:04.741631+00,0101000020E610000046F2333B745A3040E4672ADA11214840,,true,,Trinkbrunnen mit Tränke
af549555-96ff-4630-851b-a83e5d928dff,verified,vienna:2255040,outdoor_water_fountain,48.180310032,16.3653785777,inactive,,2026-01-12 18:29:04.741631+00,0101000020E610000068E15173895D3040554A2D6614174840,,true,,Trinkbrunnen mit Tränke
af899b36-0e96-461e-b050-62faaf495e72,verified,vienna:2255338,outdoor_water_fountain,48.1896951976,16.3632960258,inactive,,2026-01-12 18:29:04.741631+00,0101000020E6100000E993E5F7005D30403CF3A6EE47184840,,true,,Trinkbrunnen mit Tränke
afc170d0-1ffb-4d35-bea8-dcd18d212feb,verified,vienna:2255270,outdoor_water_fountain,48.2767513115,16.4559341195,inactive,,2026-01-12 18:29:04.741631+00,0101000020E610000010623419B8743040410244966C234840,,true,,Trinkbrunnen mit Tränke
b009c6a9-0058-4daa-9da9-de96613c2a93,verified,vienna:2255205,outdoor_water_fountain,48.181450928,16.3557372297,inactive,,2026-01-12 18:29:04.741631+00,0101000020E6100000F9875798115B30405FCBB4C839174840,,true,,Trinkbrunnen mit Tränke
b043cb52-41c5-4897-83dd-c82a927a1fe6,verified,vienna:2255740,outdoor_water_fountain,48.2698978996,16.3835505667,inactive,,2026-01-12 18:29:04.741631+00,0101000020E6100000B956B45E306230404205AE038C224840,,,,Trinkbrunnen
b04a4592-3e30-45f1-a38e-cd2c1025f108,verified,vienna:2255563,outdoor_water_fountain,48.1456233355,16.4041426809,inactive,,2026-01-12 18:29:04.741631+00,0101000020E61000001E620DE575673040E3C013C9A3124840,,true,,Trinkbrunnen mit Tränke
b11f66e6-bde4-49c4-b7f2-802a3562663d,verified,vienna:2255072,outdoor_water_fountain,48.1822484237,16.3278041032,inactive,,2026-01-12 18:29:04.741631+00,0101000020E610000015BD3EF8EA53304000C595EA53174840,,true,,Trinkbrunnen mit Tränke
b1225569-6ad3-485c-8b5d-5b8e8f2d7b05,verified,vienna:2255746,outdoor_water_fountain,48.1597934208,16.4685635099,inactive,,2026-01-12 18:29:04.741631+00,0101000020E6100000961E37C7F3773040DA395E1C74144840,,true,,Trinkbrunnen mit Tränke
b153facb-2dd7-4226-b882-624a10579c97,verified,vienna:2254402,outdoor_water_fountain,48.1649448564,16.5060786685,inactive,,2026-01-12 18:29:04.741631+00,0101000020E61000002569225F8E813040D2F0BDE91C154840,,,,Trinkbrunnen
b17c0182-3319-46a5-9726-d97443901e59,verified,vienna:2255278,outdoor_water_fountain,48.2256384209,16.5089679135,inactive,,2026-01-12 18:29:04.741631+00,0101000020E610000024329FB84B823040483E43B8E11C4840,,true,,Trinkbrunnen mit Tränke
b18c0c02-03c7-430a-a99f-9aa5ce470f14,verified,vienna:2255198,outdoor_water_fountain,48.2154013667,16.3728513182,inactive,,2026-01-12 18:29:04.741631+00,0101000020E610000082F0192F735F3040BFBEA045921B4840,,true,,Trinkbrunnen mit Tränke
b1daa0de-1339-4231-9d25-1e2613487a36,verified,vienna:2255119,outdoor_water_fountain,48.2387606077,16.4440689751,inactive,,2026-01-12 18:29:04.741631+00,0101000020E610000005391D81AE71304082D224B58F1E4840,,true,,Trinkbrunnen mit Tränke
b24ce389-9dac-4986-a45d-696286cdf270,verified,vienna:2255056,outdoor_water_fountain,48.2698889987,16.3838817512,inactive,,2026-01-12 18:29:04.741631+00,0101000020E61000006AEF0E1346623040BC7B03B98B224840,,,,Trinkbrunnen
b2698267-928b-4e20-8eb3-4606f9fa0433,verified,vienna:2255149,outdoor_water_fountain,48.2142690821,16.3781779817,inactive,,2026-01-12 18:29:04.741631+00,0101000020E61000000278AF45D0603040EC14562B6D1B4840,,true,,Trinkbrunnen mit Tränke
b2d6156b-5544-4b2c-abe2-dc30f0841128,verified,vienna:2255099,outdoor_water_fountain,48.1506044727,16.3409795123,inactive,,2026-01-12 18:29:04.741631+00,0101000020E61000003DEFED6E4A5730405D70E20147134840,,true,,Trinkbrunnen mit Tränke
b30cc2d3-9f23-4219-9de7-9f71ed8d9324,verified,vienna:2255492,outdoor_water_fountain,48.1479909986,16.4008948566,inactive,,2026-01-12 18:29:04.741631+00,0101000020E61000004B3B9A0BA1663040718B795EF1124840,,true,,Trinkbrunnen mit Tränke
b3a5f0f7-fee9-4ee9-8559-e38791b67747,verified,vienna:2255012,outdoor_water_fountain,48.2538365551,16.3571442188,inactive,,2026-01-12 18:29:04.741631+00,0101000020E610000093B3B3CD6D5B304087575BB77D204840,,true,,Trinkbrunnen mit Tränke
b3efd7a1-7f09-445a-9908-d304b5d715a5,verified,vienna:2255323,outdoor_water_fountain,48.161396656,16.4420501019,inactive,,2026-01-12 18:29:04.741631+00,0101000020E61000009EDA0A322A713040159A47A5A8144840,,,,Trinkbrunnen
b4074718-40ae-4f29-ba32-6f1e47cfb147,verified,vienna:2255499,outdoor_water_fountain,48.1935253585,16.3376476459,inactive,,2026-01-12 18:29:04.741631+00,0101000020E61000003EB67C137056304022DA5E70C5184840,,,,Trinkbrunnen
b44ec2b2-c195-4edc-8fe4-feeb8dd8cb61,verified,vienna:2255048,outdoor_water_fountain,48.1897687495,16.3544786847,inactive,,2026-01-12 18:29:04.741631+00,0101000020E610000064EA751DBF5A3040E173A6574A184840,,,,Trinkbrunnen
b4539fd5-07bf-49f9-af22-40456a8f1a49,verified,vienna:2255261,outdoor_water_fountain,48.2112942137,16.3448340733,inactive,,2026-01-12 18:29:04.741631+00,0101000020E6100000B65EBB0B4758304078D654B00B1B4840,,true,,Trinkbrunnen mit Tränke
b45712ce-60fb-49bb-aa60-dd8ce73292b3,verified,vienna:2254995,outdoor_water_fountain,48.1748157851,16.3541563029,inactive,,2026-01-12 18:29:04.741631+00,0101000020E6100000B6A0CAFCA95A30401FEA175D60164840,,true,,Trinkbrunnen mit Tränke
b483f2d0-459f-4699-8f0d-08a7a2b2fc69,verified,vienna:2255623,outdoor_water_fountain,48.1844760498,16.3346885423,inactive,,2026-01-12 18:29:04.741631+00,0101000020E61000004086F725AE553040A46444E99C174840,,,,Trinkbrunnen
b4a2a7e3-b271-4077-960b-c2939033bf45,verified,vienna:2255220,outdoor_water_fountain,48.1961578603,16.3034585999,inactive,,2026-01-12 18:29:04.741631+00,0101000020E6100000AD427A76AF4D3040C16B65B31B194840,,true,,Trinkbrunnen mit Tränke
b592ddaf-de61-455b-a5ba-ec60c3b63d2d,verified,vienna:2255009,outdoor_water_fountain,48.2383126897,16.3847382143,inactive,,2026-01-12 18:29:04.741631+00,0101000020E6100000A0F01F347E623040DD3DBC07811E4840,,true,,Trinkbrunnen mit Tränke
b6f54979-5970-4733-8290-04b68b69a139,verified,vienna:2255427,outdoor_water_fountain,48.1694007959,16.3520725085,inactive,,2026-01-12 18:29:04.741631+00,0101000020E610000004D4856C215A30404827DFECAE154840,,,,Trinkbrunnen
b72f561b-aeb8-4b61-b492-fe4d44b1b0ac,verified,vienna:2255200,outdoor_water_fountain,48.1899621577,16.3286258354,inactive,,2026-01-12 18:29:04.741631+00,0101000020E6100000E7A99FD220543040496613AE50184840,,true,,Trinkbrunnen mit Tränke
b7a3d893-e79a-4a93-ac50-846df88427de,verified,vienna:2254430,outdoor_water_fountain,48.1885208767,16.4738403069,inactive,,2026-01-12 18:29:04.741631+00,0101000020E610000080A92D994D7930401605BC7321184840,,,,Trinkbrunnen
b7ca3202-e55c-4ed5-94da-d7b0286dacbe,verified,vienna:2255585,outdoor_water_fountain,48.2513978035,16.3930588829,inactive,,2026-01-12 18:29:04.741631+00,0101000020E61000003275C7819F643040CC28A0CD2D204840,,true,,Trinkbrunnen mit Tränke
b7fc824b-aef8-4e94-ad73-005ed6816b47,verified,vienna:2255411,outdoor_water_fountain,48.2337206447,16.2915306123,inactive,,2026-01-12 18:29:04.741631+00,0101000020E6100000829C0DC0A14A30407AB1DE8EEA1D4840,,true,,Trinkbrunnen mit Tränke
b8a37855-57dd-4f21-b9ae-949cd6b6ae17,verified,vienna:2255643,outdoor_water_fountain,48.1818717037,16.3819509054,inactive,,2026-01-12 18:29:04.741631+00,0101000020E6100000DF5ED788C7613040CABA6D9247174840,,,,Trinkbrunnen
b8c53cbc-3dfa-49b3-b65f-480129dc0d2e,verified,vienna:2255546,outdoor_water_fountain,48.218838069,16.4769948627,inactive,,2026-01-12 18:29:04.741631+00,0101000020E610000011A8D7551C7A3040C6BCC6E2021C4840,,true,,Trinkbrunnen mit Tränke
b937726c-188d-49a8-bc8e-8c045278a096,verified,vienna:2255614,outdoor_water_fountain,48.2518338032,16.457488021,inactive,,2026-01-12 18:29:04.741631+00,0101000020E6100000BB8158EF1D753040BA620E173C204840,,,,Trinkbrunnen
b9648c3d-4395-47c5-a916-c05e2184ceaf,verified,vienna:2255376,outdoor_water_fountain,48.1400823847,16.3922834834,inactive,,2026-01-12 18:29:04.741631+00,0101000020E6100000C6F6BBB06C6430401F843638EE114840,,true,,Trinkbrunnen mit Tränke
b993cfe4-5914-42cd-8d32-8dafe7d7f125,verified,vienna:2255394,outdoor_water_fountain,48.167256177,16.4258006749,inactive,,2026-01-12 18:29:04.741631+00,0101000020E61000006B4FE545016D30406E2281A668154840,,,,Trinkbrunnen
b9a60a39-ec60-42eb-b0b2-294a1fbbfe40,verified,vienna:2255545,outdoor_water_fountain,48.2777896502,16.4908551802,inactive,,2026-01-12 18:29:04.741631+00,0101000020E6100000FC0762AFA87D30405D637B9C8E234840,,true,,Trinkbrunnen mit Tränke
b9b2a769-7235-44f4-9b98-819d325e4f15,verified,vienna:2255565,outdoor_water_fountain,48.1484913968,16.405443393,inactive,,2026-01-12 18:29:04.741631+00,0101000020E610000074506123CB673040267F1EC401134840,,true,,Trinkbrunnen mit Tränke
b9b3d73a-1d34-4f15-882d-b6af5fc7999a,verified,vienna:2255272,outdoor_water_fountain,48.2133464004,16.522268186,inactive,,2026-01-12 18:29:04.741631+00,0101000020E61000007B9C2A5EB3853040FA3752EF4E1B4840,,,,Trinkbrunnen
b9eeae4d-7c9b-42f8-b674-ce15a6c14569,verified,vienna:2255051,outdoor_water_fountain,48.2526699208,16.3950282776,inactive,,2026-01-12 18:29:04.741631+00,0101000020E61000008749BD92206530406C42EB7C57204840,,true,,Trinkbrunnen mit Tränke
ba387bde-f70e-436f-b432-52f0044448e1,verified,vienna:2255442,outdoor_water_fountain,48.2701988038,16.454875076,inactive,,2026-01-12 18:29:04.741631+00,0101000020E61000007E2F67B172743040A2DED8DF95224840,,,,Trinkbrunnen
bac986c6-1f6a-4e72-a454-bc40f348a024,verified,vienna:2255334,outdoor_water_fountain,48.1936691445,16.3689131228,inactive,,2026-01-12 18:29:04.741631+00,0101000020E6100000C17D2517715E304097EF8826CA184840,,true,,Trinkbrunnen mit Tränke
bb798483-8182-492b-8e22-b423b24d11e6,verified,vienna:2255592,outdoor_water_fountain,48.1360046565,16.2805018542,inactive,,2026-01-12 18:29:04.741631+00,0101000020E6100000A14132F8CE473040B7E2BF9968114840,,true,,Trinkbrunnen mit Tränke
bd1faed4-e53d-4975-ab61-68fa5f7a08a4,verified,vienna:2255337,outdoor_water_fountain,48.1869874992,16.3677021285,inactive,,2026-01-12 18:29:04.741631+00,0101000020E6100000BC9308BA215E304094E9D434EF174840,,true,,Trinkbrunnen mit Tränke
bd61fc20-0812-4c69-9d07-c486c740866a,verified,vienna:2255384,outdoor_water_fountain,48.1795068199,16.4207830012,inactive,,2026-01-12 18:29:04.741631+00,0101000020E6100000E2DD4C6FB86B304092705814FA164840,,true,,Trinkbrunnen mit Tränke
bd66740f-c8cc-47e9-af8b-19f9880b3396,verified,vienna:2255028,outdoor_water_fountain,48.2721599961,16.4479246151,inactive,,2026-01-12 18:29:04.741631+00,0101000020E61000008AED0430AB723040B6438523D6224840,,true,,Trinkbrunnen mit Tränke
be02fce3-16e5-4b40-be71-320555cb2754,verified,vienna:2255106,outdoor_water_fountain,48.1500635945,16.3330403483,inactive,,2026-01-12 18:29:04.741631+00,0101000020E61000006B32DC21425530404E59AB4835134840,,true,,Trinkbrunnen mit Tränke
be67fd9d-eab0-48af-9c28-8873b23b1c2c,verified,vienna:2255615,outdoor_water_fountain,48.2160260654,16.3533244708,inactive,,2026-01-12 18:29:04.741631+00,0101000020E610000067F6F678735A304000FDFABDA61B4840,,,,Trinkbrunnen
beacfcc7-c10b-4e08-9cdc-7e15d05d7bc4,verified,vienna:2255448,outdoor_water_fountain,48.2432709064,16.3577219058,inactive,,2026-01-12 18:29:04.741631+00,0101000020E61000004A79AEA9935B304034874580231F4840,,true,,Trinkbrunnen mit Tränke
bf540e5a-4b86-4857-94d5-85974464f21d,verified,vienna:2255538,outdoor_water_fountain,48.2237372897,16.3460257973,inactive,,2026-01-12 18:29:04.741631+00,0101000020E6100000D0F98A25955830401E146B6CA31C4840,,,,Trinkbrunnen
bf8d4293-491f-42c2-9d16-8fb593bfcab7,verified,vienna:2255020,outdoor_water_fountain,48.1735852732,16.4110183662,inactive,,2026-01-12 18:29:04.741631+00,0101000020E610000065E2E87F3869304009BBCF0A38164840,,,,Trinkbrunnen
bfb0fc85-f9b2-412d-abd4-18b7972ba896,community,linz:1,indoor_water_fountain,48.338028,14.319583,active,,2026-01-12 18:29:04.741631+00,0101000020E610000013B70A62A0A32C40EF906280442B4840,true,false,,JKU Campus Trinkbrunnen
c056b4c4-99bb-4fc4-9800-e061b0fbfc93,verified,vienna:2255663,outdoor_water_fountain,48.2467556436,16.4073493535,inactive,,2026-01-12 18:29:04.741631+00,0101000020E61000004954170C48683040C6AE5DB0951F4840,,,,Trinkbrunnen
c136f7be-3da8-4404-8d89-f7d193e5bcbc,verified,vienna:2255307,outdoor_water_fountain,48.1812992327,16.355271182,inactive,,2026-01-12 18:29:04.741631+00,0101000020E6100000B9E65B0DF35A3040429E31D034174840,,true,,Trinkbrunnen mit Tränke
c1518d50-8cab-4edd-ba0a-5bd706a7698e,verified,vienna:2255178,outdoor_water_fountain,48.2092446801,16.3083871345,inactive,,2026-01-12 18:29:04.741631+00,0101000020E6100000452F9175F24E30401CF29887C81A4840,,true,,Trinkbrunnen mit Tränke
c17481bf-b9bf-43ef-b6b8-ee86bf71d885,verified,vienna:2255730,outdoor_water_fountain,48.1987790797,16.2940564581,inactive,,2026-01-12 18:29:04.741631+00,0101000020E610000093B7B648474B30406238C79771194840,,,,Trinkbrunnen
c1d4a8fa-b78f-46ba-accb-560fe17c1937,verified,vienna:2255036,outdoor_water_fountain,48.258231947,16.4430998391,inactive,,2026-01-12 18:29:04.741631+00,0101000020E610000020CCB5FD6E713040DE9293BE0D214840,,true,,Trinkbrunnen mit Tränke
c2110ec6-7bb0-46b7-aa24-800030d5b6b9,verified,vienna:2255230,outdoor_water_fountain,48.179281157,16.3783118099,inactive,,2026-01-12 18:29:04.741631+00,0101000020E61000000936F30AD9603040510D59AFF2164840,,,,Trinkbrunnen
c2151a40-83e7-46e6-8f6f-50096f0652ca,verified,vienna:2255523,outdoor_water_fountain,48.2571675562,16.3884648806,inactive,,2026-01-12 18:29:04.741631+00,0101000020E610000051D2356F7263304052BCD1DDEA204840,,true,,Trinkbrunnen mit Tränke
c2c3b38c-7d76-48da-ba84-bdaf146907c2,verified,vienna:2254432,outdoor_water_fountain,48.1955996787,16.4630760725,inactive,,2026-01-12 18:29:04.741631+00,0101000020E610000098F24A278C763040F38F076909194840,,,,Trinkbrunnen
c2ea2610-0e4d-46ac-8323-17f2ee9b4de5,verified,vienna:2255062,outdoor_water_fountain,48.1818694725,16.3458312405,inactive,,2026-01-12 18:29:04.741631+00,0101000020E6100000F3E16B65885830409E43B67F47174840,,true,,Trinkbrunnen mit Tränke
c3237998-4fdc-4fda-8b34-02f519cd5ed0,verified,vienna:2255175,outdoor_water_fountain,48.2255392564,16.3247884668,inactive,,2026-01-12 18:29:04.741631+00,0101000020E61000002406435625533040E0196978DE1C4840,,true,,Trinkbrunnen mit Tränke
c3b9c88c-18ee-455b-9063-c4f98e1e444d,verified,vienna:2255207,outdoor_water_fountain,48.1871373179,16.3474442987,inactive,,2026-01-12 18:29:04.741631+00,0101000020E610000021190C1CF2583040EF1E9A1DF4174840,,true,,Trinkbrunnen mit Tränke
c3feedbd-4187-4bd5-b3b1-8bf3203edfc4,verified,vienna:2255609,outdoor_water_fountain,48.1696066009,16.4290588628,inactive,,2026-01-12 18:29:04.741631+00,0101000020E6100000F3C837CDD66D30408F064AABB5154840,,true,,Trinkbrunnen mit Tränke
c42ee757-e93e-465b-8c2b-87633ce80e62,verified,vienna:2255128,outdoor_water_fountain,48.2413714077,16.4160504808,inactive,,2026-01-12 18:29:04.741631+00,0101000020E61000006585C848826A304068211F42E51E4840,,,,Trinkbrunnen
c51bfc53-6300-43ca-8069-28be3fa94fcf,verified,vienna:2255402,outdoor_water_fountain,48.2319080178,16.3765943163,inactive,,2026-01-12 18:29:04.741631+00,0101000020E6100000345E307C68603040CB107429AF1D4840,,,,Trinkbrunnen
c51e2d51-888c-445c-bc86-32ccdb8e9804,verified,vienna:2255622,outdoor_water_fountain,48.2181926192,16.2498044441,inactive,,2026-01-12 18:29:04.741631+00,0101000020E610000012CE1D2FF33F3040A7D859BCED1B4840,,,,Trinkbrunnen
c548b5ba-b01c-4800-b74c-ffbbc08e10c6,verified,vienna:2255167,outdoor_water_fountain,48.224575641,16.3239952326,inactive,,2026-01-12 18:29:04.741631+00,0101000020E6100000B113005AF152304060C904E5BE1C4840,,true,,Trinkbrunnen mit Tränke
c65a349b-4dd5-44f6-a9f1-fab793e144dc,verified,vienna:2255304,outdoor_water_fountain,48.2462075533,16.4790663023,inactive,,2026-01-12 18:29:04.741631+00,0101000020E610000081FED416A47A3040D1B9A6BA831F4840,,true,,Trinkbrunnen mit Tränke
c6e2b056-192e-46aa-971d-8664c06774de,verified,vienna:2255635,outdoor_water_fountain,48.2895001383,16.3917113385,inactive,,2026-01-12 18:29:04.741631+00,0101000020E61000007354BC3147643040CE172D570E254840,,true,,Trinkbrunnen mit Tränke
c763d85d-5642-40b9-962a-f094f0a239d4,verified,vienna:2255638,outdoor_water_fountain,48.2527394037,16.4773043753,inactive,,2026-01-12 18:29:04.741631+00,0101000020E6100000B6269A9E307A3040A9A6C8C359204840,,,,Trinkbrunnen
c78f62ad-157a-4385-bb7c-b67d1f03347f,verified,vienna:2255124,outdoor_water_fountain,48.238408903,16.4052632242,inactive,,2026-01-12 18:29:04.741631+00,0101000020E6100000E435A654BF673040E9BAD42E841E4840,,,,Trinkbrunnen
c796b079-e7dc-43c5-a896-2cb8edb71624,verified,vienna:2255491,outdoor_water_fountain,48.1469038789,16.3983491872,inactive,,2026-01-12 18:29:04.741631+00,0101000020E610000085695B36FA653040F9C30DBFCD124840,,,,Trinkbrunnen
c89ef320-44d2-4feb-a393-fe92626b7a0e,verified,vienna:2255115,outdoor_water_fountain,48.2317278722,16.4189152405,inactive,,2026-01-12 18:29:04.741631+00,0101000020E610000054BE79073E6B3040D8554842A91D4840,,true,,Trinkbrunnen mit Tränke
c8ee5eb2-db77-4f40-a240-823c4a29ef23,verified,vienna:2254429,outdoor_water_fountain,48.1830085874,16.4822980967,inactive,,2026-01-12 18:29:04.741631+00,0101000020E6100000E23F58E3777B304095E24CD36C174840,,,,Trinkbrunnen
c9601d7f-f523-4c6a-b38c-a80e7d236329,verified,vienna:2255509,outdoor_water_fountain,48.2630589972,16.3921806767,inactive,,2026-01-12 18:29:04.741631+00,0101000020E6100000B68CECF3656430403FF2CEEAAB214840,,true,,Trinkbrunnen mit Tränke
c967ac5f-cc72-4963-9fb5-e84e17281e2e,verified,vienna:2255026,outdoor_water_fountain,48.2731404634,16.3940123195,inactive,,2026-01-12 18:29:04.741631+00,0101000020E61000003E79CAFDDD64304036C24644F6224840,,true,,Trinkbrunnen mit Tränke
c9e864fa-094e-4c7f-bfc1-b915e904dbad,verified,vienna:2255016,outdoor_water_fountain,48.167942504,16.416750172,inactive,,2026-01-12 18:29:04.741631+00,0101000020E6100000A657A723B06A3040E924D5237F154840,,true,,Trinkbrunnen mit Tränke
caa0a71b-a457-49e6-aa65-f4bd956aac4b,verified,vienna:2255441,outdoor_water_fountain,48.2704241086,16.4500359945,inactive,,2026-01-12 18:29:04.741631+00,0101000020E61000007C66168F35733040543ED7419D224840,,,,Trinkbrunnen
caa4b4de-132a-4da2-9b26-62bc40b89b4c,verified,vienna:2255674,outdoor_water_fountain,48.1373433341,16.2889424805,inactive,,2026-01-12 18:29:04.741631+00,0101000020E6100000312C6822F84930403D24647794114840,,true,,Trinkbrunnen mit Tränke
cab97a06-6bb0-4a8b-acc9-9f0b7b894f7f,verified,vienna:2255280,outdoor_water_fountain,48.2234095229,16.5021624562,inactive,,2026-01-12 18:29:04.741631+00,0101000020E610000075A8FEB78D803040383CE9AE981C4840,,,,Trinkbrunnen
cb5a40da-11ec-47af-a3d9-f45d231c589e,verified,vienna:2255601,outdoor_water_fountain,48.211919141,16.3594549507,inactive,,2026-01-12 18:29:04.741631+00,0101000020E61000004DA4593D055C3040E7FE992A201B4840,,,,Trinkbrunnen
cc1afa39-c5a1-4c7c-bb25-155c90b2adae,verified,vienna:2255203,outdoor_water_fountain,48.1966594472,16.319288811,inactive,,2026-01-12 18:29:04.741631+00,0101000020E6100000463959E9BC513040331603232C194840,,true,,Trinkbrunnen mit Tränke
cc9efaaf-bddd-4feb-ba95-7307116b418d,verified,vienna:2255522,outdoor_water_fountain,48.2412249383,16.3093274595,inactive,,2026-01-12 18:29:04.741631+00,0101000020E6100000A94E9A15304F3040337D7275E01E4840,,,,Trinkbrunnen
ccb1bd80-2fcf-4e60-a5c7-597e38d6680c,verified,vienna:2255112,outdoor_water_fountain,48.2305994573,16.4351775217,inactive,,2026-01-12 18:29:04.741631+00,0101000020E6100000E4A747CB676F304018CA7348841D4840,,true,,Trinkbrunnen mit Tränke
cd0e294b-b137-4326-ad12-fddafa85461e,verified,vienna:2255132,outdoor_water_fountain,48.218076833,16.3725661271,inactive,,2026-01-12 18:29:04.741631+00,0101000020E6100000EC7D637E605F304008E010F1E91B4840,,true,,Trinkbrunnen mit Tränke
cd20f6e0-d6ec-4d79-a9a8-7f384258d377,verified,vienna:2255758,outdoor_water_fountain,48.195074485,16.2854775669,inactive,,2026-01-12 18:29:04.741631+00,0101000020E6100000C093CD0E15493040F5AD6233F8184840,,true,,Trinkbrunnen mit Tränke
cd5bc997-a4f0-4ded-87b8-c50ef748a2d7,verified,vienna:2255526,outdoor_water_fountain,48.2236589239,16.3675335275,inactive,,2026-01-12 18:29:04.741631+00,0101000020E6100000C8CB60AD165E3040F5CD09DBA01C4840,,true,,Trinkbrunnen mit Tränke
cd90faf1-20ad-4a23-b8e9-9f6347683790,verified,vienna:2254996,outdoor_water_fountain,48.1745483393,16.3686611976,inactive,,2026-01-12 18:29:04.741631+00,0101000020E610000007FF8A94605E3040AC6E989957164840,,true,,Trinkbrunnen mit Tränke
ce2ed821-5437-404e-a7c1-127fd1c2c73a,verified,vienna:2255114,outdoor_water_fountain,48.2318175295,16.4180201391,inactive,,2026-01-12 18:29:04.741631+00,0101000020E6100000FE802A5E036B3040C7EB6132AC1D4840,,true,,Trinkbrunnen mit Tränke
ceb43f46-1add-4057-8aad-3f7bac9cc483,verified,vienna:2255342,outdoor_water_fountain,48.1990599757,16.370460415,inactive,,2026-01-12 18:29:04.741631+00,0101000020E610000039E3667ED65E30407BC91ACC7A194840,,true,,Trinkbrunnen mit Tränke
ced07802-db24-4822-b9a0-6308d8636ddc,verified,vienna:2255100,outdoor_water_fountain,48.145262625,16.2822260684,inactive,,2026-01-12 18:29:04.741631+00,0101000020E61000004EDBB5F73F48304062DA37F797124840,,true,,Trinkbrunnen mit Tränke
ceec567c-ac1a-4c92-8c84-530f2193756e,verified,vienna:2255300,outdoor_water_fountain,48.2205409889,16.4001684055,inactive,,2026-01-12 18:29:04.741631+00,0101000020E6100000D583C66F716630406260E7AF3A1C4840,,true,,Trinkbrunnen mit Tränke
cf20764f-9f15-4471-88d5-19a028213ac5,verified,vienna:2255170,outdoor_water_fountain,48.2471166192,16.4321095257,inactive,,2026-01-12 18:29:04.741631+00,0101000020E6100000EC2BD9BA9E6E30408CE17284A11F4840,,true,,Trinkbrunnen mit Tränke
d019d5fe-886d-43e9-a2cc-915bc70ea71a,verified,vienna:2255518,outdoor_water_fountain,48.1574049241,16.424770791,inactive,,2026-01-12 18:29:04.741631+00,0101000020E61000001CA44FC7BD6C3040939E34D825144840,,true,,Trinkbrunnen mit Tränke
d0686068-8e39-40f4-8a71-9b565bbdbd87,verified,vienna:2255255,outdoor_water_fountain,48.1981971966,16.3619063132,inactive,,2026-01-12 18:29:04.741631+00,0101000020E6100000F16863E4A55C304027C796865E194840,,true,,Trinkbrunnen mit Tränke
d0909a5b-9211-4c49-8c8d-136796158808,verified,vienna:2255493,outdoor_water_fountain,48.1502618228,16.3990076773,inactive,,2026-01-12 18:29:04.741631+00,0101000020E61000003EDBFC5D25663040B56187C73B134840,,true,,Trinkbrunnen mit Tränke
d1ea86c5-b7d3-41ec-9e9a-b3a3e2fe99f1,community,,outdoor_water_fountain,48.2093596815967,16.3743638944278,active,1b9d99da-a600-43ef-bef5-326e7ed5276e,2026-01-28 00:19:55.074502+00,0101000020E6100000D85EEB4FD65F30408AC74C4CCC1A4840,true,,,"Wollzeile 1/3, 1010 Wien, Austria"
d241eb71-2d40-42b0-be0f-5233f262b855,verified,vienna:2255014,outdoor_water_fountain,48.252010736,16.3575300746,inactive,,2026-01-12 18:29:04.741631+00,0101000020E610000052BE4917875B304032AE46E341204840,,true,,Trinkbrunnen mit Tränke
d2c33a7a-7197-443e-b06e-5a24823570fd,verified,vienna:2255600,outdoor_water_fountain,48.2353286555,16.3708098852,inactive,,2026-01-12 18:29:04.741631+00,0101000020E6100000AFF78965ED5E30409297D73F1F1E4840,,true,,Trinkbrunnen mit Tränke
d31aa466-ebb9-403e-9797-965ae3434c23,verified,vienna:2255360,outdoor_water_fountain,48.1737478872,16.3790372262,inactive,,2026-01-12 18:29:04.741631+00,0101000020E6100000DD7E6A9508613040F5A2EA5E3D164840,,true,,Trinkbrunnen mit Tränke
d38af500-3e46-49ce-b336-842dcc7caea0,verified,vienna:2255179,outdoor_water_fountain,48.2010739895,16.3072857619,inactive,,2026-01-12 18:29:04.741631+00,0101000020E61000000FE39947AA4E3040487DE0CABC194840,,true,,Trinkbrunnen mit Tränke
d4290ea9-853c-43d6-95f1-32e6cba7ab08,verified,vienna:2255673,outdoor_water_fountain,48.226898214,16.3121186048,inactive,,2026-01-12 18:29:04.741631+00,0101000020E6100000D2164001E74F30404E532C000B1D4840,,,,Trinkbrunnen
d573e8c4-163b-41e5-b8a1-2d7b9848ddf0,verified,vienna:2255606,outdoor_water_fountain,48.1738901708,16.4194004436,inactive,,2026-01-12 18:29:04.741631+00,0101000020E61000009D30D5D35D6B304047577A0842164840,,true,,Trinkbrunnen mit Tränke
d6856a75-30e2-4f30-8f2b-f319894c39dd,verified,vienna:2255451,outdoor_water_fountain,48.2506823933,16.3372110618,inactive,,2026-01-12 18:29:04.741631+00,0101000020E6100000CB47D276535630400974545C16204840,,,,Trinkbrunnen
d6e6f70f-76d1-416a-af7d-c53bb3944e65,verified,vienna:2255445,outdoor_water_fountain,48.295378764,16.3891581742,inactive,,2026-01-12 18:29:04.741631+00,0101000020E6100000FA28BFDE9F6330400DA8A9F8CE254840,,,,Trinkbrunnen
d6fa1018-30fe-4c98-828f-7c5869dc2f1a,verified,vienna:2255326,outdoor_water_fountain,48.1814732605,16.4129331283,inactive,,2026-01-12 18:29:04.741631+00,0101000020E6100000C57B49FCB569304016790B843A174840,,true,,Trinkbrunnen mit Tränke
d73d26ac-a8d9-40c0-b90e-e9cb0a2c2de0,verified,vienna:2255242,outdoor_water_fountain,48.1984583149,16.3923145846,inactive,,2026-01-12 18:29:04.741631+00,0101000020E6100000D09986BA6E643040B10E021567194840,,true,,Trinkbrunnen mit Tränke
d7607138-85e9-45a2-8b83-c8574475799f,verified,vienna:2255002,outdoor_water_fountain,48.2270541465,16.3580086597,inactive,,2026-01-12 18:29:04.741631+00,0101000020E6100000A7189D74A65B3040C1D13A1C101D4840,,true,,Trinkbrunnen mit Tränke
d824b3a2-c349-4c84-a67f-2c4aca50e7d1,verified,vienna:2255838,outdoor_water_fountain,48.2250665157,16.3858220372,inactive,,2026-01-12 18:29:04.741631+00,0101000020E6100000A0D9A73BC5623040972DC6FACE1C4840,,,,Trinkbrunnen
d843bf80-2009-4156-9206-80fedc008a50,verified,vienna:2255627,outdoor_water_fountain,48.143499484,16.2946718901,inactive,,2026-01-12 18:29:04.741631+00,0101000020E6100000AE07F39D6F4B3040EE62EB305E124840,,,,Trinkbrunnen
d85ad775-6c4e-4386-aff7-0f34539ac79c,verified,vienna:2255298,outdoor_water_fountain,48.2049347329,16.3968352169,inactive,,2026-01-12 18:29:04.741631+00,0101000020E6100000907C26FE966530405CCF234D3B1A4840,,true,,Trinkbrunnen mit Tränke
d896093b-a850-456b-9151-185ec37c2a7b,verified,vienna:2255041,outdoor_water_fountain,48.2202553918,16.4806405492,inactive,,2026-01-12 18:29:04.741631+00,0101000020E61000000BF24F420B7B30403B462454311C4840,,true,,Trinkbrunnen mit Tränke
d8dcda3e-facf-452e-9cbc-5b5b446cef70,verified,vienna:2255532,outdoor_water_fountain,48.1823739804,16.2683806189,inactive,,2026-01-12 18:29:04.741631+00,0101000020E6100000450E9D97B4443040CCBAD40758174840,,true,,Trinkbrunnen mit Tränke
d8e24921-ceff-436a-a052-483422a37f15,verified,vienna:2255276,outdoor_water_fountain,48.2270226977,16.5047280599,inactive,,2026-01-12 18:29:04.741631+00,0101000020E6100000DFA4AEDB358130401D096B140F1D4840,,true,,Trinkbrunnen mit Tränke
d915219d-5311-45ba-a0b5-9c764d8a9ec5,verified,vienna:2255288,outdoor_water_fountain,48.1895367409,16.3393995418,inactive,,2026-01-12 18:29:04.741631+00,0101000020E6100000F24E6CE3E256304029C76BBD42184840,,,,Trinkbrunnen
d942d891-96b8-4415-9084-db4794de3826,verified,vienna:2255424,outdoor_water_fountain,48.2213621422,16.3169318089,inactive,,2026-01-12 18:29:04.741631+00,0101000020E6100000A2496A712251304027A93C98551C4840,,,,Trinkbrunnen
d9e4b0ad-6724-40e3-92dd-c796e10dc766,verified,vienna:2255414,outdoor_water_fountain,48.2067070893,16.3146897296,inactive,,2026-01-12 18:29:04.741631+00,0101000020E6100000E30491818F5030408A32BE60751A4840,,,,Trinkbrunnen
d9eb2ce2-1fb6-42a2-ae96-be9ff22ced5d,verified,vienna:2255260,outdoor_water_fountain,48.2121947414,16.351178145,inactive,,2026-01-12 18:29:04.741631+00,0101000020E61000004ED897CFE65930401C598132291B4840,,true,,Trinkbrunnen mit Tränke
d9f5ecfd-621b-4cf0-8aee-3662153c210c,verified,vienna:2255438,outdoor_water_fountain,48.1587730321,16.3193854493,inactive,,2026-01-12 18:29:04.741631+00,0101000020E6100000D08FAB3EC35130409A2DBAAC52144840,,,,Trinkbrunnen
da48f89d-5c30-4189-9b86-3b716c562ecf,verified,vienna:2255155,outdoor_water_fountain,48.2144087087,16.371538423,inactive,,2026-01-12 18:29:04.741631+00,0101000020E61000000FFE5F241D5F30400BEC9BBE711B4840,,true,,Trinkbrunnen mit Tränke
dadfd5b9-0d83-42ae-bcf9-ab31898f169d,verified,vienna:2255632,outdoor_water_fountain,48.2573579885,16.4559412274,inactive,,2026-01-12 18:29:04.741631+00,0101000020E6100000C3947490B874304065FC471BF1204840,,,,Trinkbrunnen
dc28da70-7860-4613-8bd3-8396e802c522,verified,vienna:2255089,outdoor_water_fountain,48.1684277453,16.2821405743,inactive,,2026-01-12 18:29:04.741631+00,0101000020E6100000407E5B5D3A483040B9E6540A8F154840,,,,Trinkbrunnen
dc372816-29ea-4155-996e-7fb004c12cb9,verified,vienna:2255213,outdoor_water_fountain,48.1554190695,16.4628728743,inactive,,2026-01-12 18:29:04.741631+00,0101000020E6100000F35231D67E763040B056A6C5E4134840,,true,,Trinkbrunnen mit Tränke
dd44280c-e8c4-4f8b-9fc2-56bb50599257,verified,vienna:2254413,outdoor_water_fountain,48.2472621932,16.3895923761,inactive,,2026-01-12 18:29:04.741631+00,0101000020E6100000D51E7253BC63304066AA9C49A61F4840,,,,Trinkbrunnen
dd5a6e51-53ec-41cb-9953-e6dae63feb7b,verified,vienna:2255293,outdoor_water_fountain,48.194763536,16.34856492,inactive,,2026-01-12 18:29:04.741631+00,0101000020E6100000D0EEF38C3B59304063C9F402EE184840,,true,,Trinkbrunnen mit Tränke
dd66c74e-d613-4f71-a65a-501817bcdd7c,verified,vienna:2255550,outdoor_water_fountain,48.2131246368,16.5244868568,inactive,,2026-01-12 18:29:04.741631+00,0101000020E6100000492349C544863040928308AB471B4840,,true,,Trinkbrunnen mit Tränke
de5c777e-f3cb-41da-9b84-79816694911f,verified,vienna:2254410,outdoor_water_fountain,48.2400436164,16.394527116,inactive,,2026-01-12 18:29:04.741631+00,0101000020E6100000EE9AA4BAFF6430409A06CDBFB91E4840,,,,Trinkbrunnen
de81798d-ac96-47fd-8fca-25d24361b360,verified,vienna:2255481,outdoor_water_fountain,48.2141651603,16.4766974477,inactive,,2026-01-12 18:29:04.741631+00,0101000020E61000004BF50BD8087A30402EB793C3691B4840,,,,Trinkbrunnen
de9022d4-17b4-4478-94d8-21e3a0cb1a5c,verified,vienna:2255299,outdoor_water_fountain,48.1992292073,16.4079413578,inactive,,2026-01-12 18:29:04.741631+00,0101000020E6100000D46F46D86E68304079E1B85780194840,,true,,Trinkbrunnen mit Tränke
deeaa5ca-738c-413d-9980-eaf6d33c513a,verified,vienna:2255064,outdoor_water_fountain,48.1649293731,16.3061188227,inactive,,2026-01-12 18:29:04.741631+00,0101000020E6100000C02F9CCD5D4E3040A1CEDB671C154840,,,,Trinkbrunnen
df98d79b-823e-4277-b3f2-f6ca3162ef1b,verified,vienna:2255431,outdoor_water_fountain,48.2076211691,16.3406693166,inactive,,2026-01-12 18:29:04.741631+00,0101000020E6100000348CB51A36573040F39E9954931A4840,,,,Trinkbrunnen
dfcc0b38-e05f-4d46-a441-661d9541488a,verified,vienna:2255287,outdoor_water_fountain,48.1902041587,16.3322315096,inactive,,2026-01-12 18:29:04.741631+00,0101000020E6100000C66ECC1F0D5530400097209C58184840,,true,,Trinkbrunnen mit Tränke
dfd6845d-d900-4d77-8dd1-677172f08078,verified,vienna:2255296,outdoor_water_fountain,48.1873482517,16.3861605338,inactive,,2026-01-12 18:29:04.741631+00,0101000020E610000049ADAF6ADB623040D4010B07FB174840,,true,,Trinkbrunnen mit Tränke
e05d1b92-ead1-4340-8a53-da520ba27853,verified,vienna:2255422,outdoor_water_fountain,48.2135649044,16.3349615903,inactive,,2026-01-12 18:29:04.741631+00,0101000020E610000031C1F30AC055304056FC4318561B4840,,,,Trinkbrunnen
e083d99e-2264-404a-ada9-c0631dceae6b,verified,vienna:2255381,outdoor_water_fountain,48.1543887365,16.394213604,inactive,,2026-01-12 18:29:04.741631+00,0101000020E61000007CD1C82EEB643040B3119702C3134840,,true,,Trinkbrunnen mit Tränke
e0b7cb29-1b37-4b0b-8a63-c7eb9bf10786,verified,vienna:2255120,outdoor_water_fountain,48.2408193474,16.4412103773,inactive,,2026-01-12 18:29:04.741631+00,0101000020E6100000C928CD29F3703040DDA91A2BD31E4840,,true,,Trinkbrunnen mit Tränke
e11eb14b-a269-411f-9a2d-c70178ccc1ea,verified,vienna:2255568,outdoor_water_fountain,48.2340693963,16.3247831895,inactive,,2026-01-12 18:29:04.741631+00,0101000020E61000006D31B9FD245330402E0D69FCF51D4840,,true,,Trinkbrunnen mit Tränke
e137199b-4a1b-45eb-90fa-b4d6fed2ecbc,verified,vienna:2255101,outdoor_water_fountain,48.1523346504,16.3054480002,inactive,,2026-01-12 18:29:04.741631+00,0101000020E6100000D37C13D7314E3040FFC1AAB37F134840,,true,,Trinkbrunnen mit Tränke
e1507a79-0070-4aef-9fde-3923552e3a6d,verified,vienna:2255504,outdoor_water_fountain,48.1678317854,16.2875140225,inactive,,2026-01-12 18:29:04.741631+00,0101000020E610000067C7DB849A493040DAC20E837B154840,,,,Trinkbrunnen
e1942213-e2cc-46ba-ad00-d483d4a17598,verified,vienna:2255015,outdoor_water_fountain,48.2522983743,16.3618675608,inactive,,2026-01-12 18:29:04.741631+00,0101000020E61000008A1E3B5AA35C3040EA3929504B204840,,true,,Trinkbrunnen mit Tränke
e196bab2-d139-4b58-9519-ec06e950e3bb,verified,vienna:2255468,outdoor_water_fountain,48.2131427858,16.4010089391,inactive,,2026-01-12 18:29:04.741631+00,0101000020E610000091D69685A8663040D6314743481B4840,,,,Trinkbrunnen
e1d9b420-4b40-4b13-b0ac-67036104b46a,verified,vienna:2255446,outdoor_water_fountain,48.2455547431,16.3185177629,inactive,,2026-01-12 18:29:04.741631+00,0101000020E6100000C0D94E618A513040007F7B566E1F4840,,true,,Trinkbrunnen mit Tränke
e1fc0c99-5891-41b3-86d8-0d6512cceb69,verified,vienna:2254425,outdoor_water_fountain,48.1688517921,16.5048734116,inactive,,2026-01-12 18:29:04.741631+00,0101000020E6100000237147623F81304062787EEF9C154840,,,,Trinkbrunnen
e2c8c8f2-3091-4557-850a-e6552e7d190e,verified,vienna:2254438,outdoor_water_fountain,48.2416111846,16.3986849642,inactive,,2026-01-12 18:29:04.741631+00,0101000020E61000005CA5C23710663040381A841DED1E4840,,,,Trinkbrunnen
e2f13e6d-b69c-46a7-afbf-7bdd456e466f,verified,vienna:2255318,outdoor_water_fountain,48.1819999739,16.4129309714,inactive,,2026-01-12 18:29:04.741631+00,0101000020E610000024AB19D8B5693040FDE26FC64B174840,,true,,Trinkbrunnen mit Tränke
e3376338-e1ec-4fa1-be17-870d1561b6f3,verified,vienna:2255059,outdoor_water_fountain,48.2729402446,16.3936981661,inactive,,2026-01-12 18:29:04.741631+00,0101000020E610000009E52B67C9643040DD28B8B4EF224840,,true,,Trinkbrunnen mit Tränke
e39663de-a974-4d5d-8206-ff11c631f86e,verified,vienna:2255597,outdoor_water_fountain,48.2377417048,16.4157010127,inactive,,2026-01-12 18:29:04.741631+00,0101000020E6100000E975AE616B6A30407281F7516E1E4840,,,,Trinkbrunnen
e3d13bfe-0eec-438e-95f8-4298b28a51da,verified,vienna:2255658,outdoor_water_fountain,48.1461124973,16.3857823496,inactive,,2026-01-12 18:29:04.741631+00,0101000020E6100000F2E7CEA1C26230405FB876D0B3124840,,true,,Trinkbrunnen mit Tränke
e43315fd-ce97-4072-8ced-ab7cae29eeee,verified,vienna:2255665,outdoor_water_fountain,48.2108645056,16.3596279972,inactive,,2026-01-12 18:29:04.741631+00,0101000020E610000032B39694105C304038B8AD9BFD1A4840,,true,,Trinkbrunnen mit Tränke
e48e5fe2-5884-4911-9d99-67837b37d237,verified,vienna:2255004,outdoor_water_fountain,48.1979105264,16.3532411043,inactive,,2026-01-12 18:29:04.741631+00,0101000020E610000049924E026E5A30400936D32155194840,,true,,Trinkbrunnen mit Tränke
e5501553-06ba-4e9a-b8c3-ee18ebf1dbea,verified,vienna:2255247,outdoor_water_fountain,48.18498993,16.3849339728,inactive,,2026-01-12 18:29:04.741631+00,0101000020E61000009C4B68088B6230403CB801C0AD174840,,true,,Trinkbrunnen mit Tränke
e5755df3-8e3f-4486-b932-e7d5c5c5a07b,verified,vienna:2255449,outdoor_water_fountain,48.2456182553,16.3440191134,inactive,,2026-01-12 18:29:04.741631+00,0101000020E61000007E40F9A21158304034E8426B701F4840,,,,Trinkbrunnen
e645d7e8-c715-4354-bca1-2496a0a0fe13,verified,vienna:2255159,outdoor_water_fountain,48.2172665066,16.3306863715,inactive,,2026-01-12 18:29:04.741631+00,0101000020E61000004ED3AEDCA75430407C2E8E63CF1B4840,,,,Trinkbrunnen
e664e145-0a9f-4b75-b037-a360ade36570,verified,vienna:2255194,outdoor_water_fountain,48.2475215404,16.4383641374,inactive,,2026-01-12 18:29:04.741631+00,0101000020E61000004CDFD1A1387030406A892CC9AE1F4840,,,,Trinkbrunnen
e67e4538-e39b-427c-bad0-b48ce8d71fb7,verified,vienna:2255164,outdoor_water_fountain,48.2320878484,16.3150931943,inactive,,2026-01-12 18:29:04.741631+00,0101000020E6100000EFB594F2A9503040A856FB0DB51D4840,,true,,Trinkbrunnen mit Tränke
e6d2cf25-e6aa-4871-a6c6-3885bda3efc2,verified,vienna:2255168,outdoor_water_fountain,48.223489115,16.3145800256,inactive,,2026-01-12 18:29:04.741631+00,0101000020E610000046ED095188503040EFF7934A9B1C4840,,,,Trinkbrunnen
e7147266-f636-4b66-aa2c-b49b20d405f4,verified,vienna:2255653,outdoor_water_fountain,48.269708205,16.4450984479,inactive,,2026-01-12 18:29:04.741631+00,0101000020E61000001A3BCDF8F17130400CF867CC85224840,,true,,Trinkbrunnen mit Tränke
e7493f03-655b-4a36-aa03-7e54f243cd33,verified,vienna:2255792,outdoor_water_fountain,48.1666381883,16.4183687023,inactive,,2026-01-12 18:29:04.741631+00,0101000020E6100000680C16361A6B3040B081706654154840,,,,Trinkbrunnen
e773b630-ce4b-46d6-bcdf-0a6e904eb63b,verified,vienna:2255630,outdoor_water_fountain,48.2760356332,16.4223280134,inactive,,2026-01-12 18:29:04.741631+00,0101000020E6100000D7BC4DB01D6C3040F58FB82255234840,,,,Trinkbrunnen
e79f8fc5-840b-43d7-a2da-50aed77aa362,verified,vienna:2255110,outdoor_water_fountain,48.1304464434,16.3125593875,inactive,,2026-01-12 18:29:04.741631+00,0101000020E6100000CB5E5BE40350304029241478B2104840,,,,Trinkbrunnen
e7c5c0e0-53e8-456f-931c-83415c80f486,verified,vienna:2255393,outdoor_water_fountain,48.1651968006,16.4290684336,inactive,,2026-01-12 18:29:04.741631+00,0101000020E6100000D60ECA6DD76D30408CFD332B25154840,,,,Trinkbrunnen
e8871e2e-cedc-4fda-9c48-c550936a503a,verified,vienna:2255391,outdoor_water_fountain,48.1517657902,16.4662453644,inactive,,2026-01-12 18:29:04.741631+00,0101000020E6100000750230DB5B773040C2C7B80F6D134840,,true,,Trinkbrunnen mit Tränke
e8c4538d-a301-4b13-9215-7aed4643ff17,verified,vienna:2255651,outdoor_water_fountain,48.1783407889,16.3860896383,inactive,,2026-01-12 18:29:04.741631+00,0101000020E6100000AED241C5D662304026EFF7DED3164840,,true,,Trinkbrunnen mit Tränke
e9b5cced-f932-4dea-9863-acdebb81c3b2,verified,vienna:2255380,outdoor_water_fountain,48.154407879,16.380966138,inactive,,2026-01-12 18:29:04.741631+00,0101000020E6100000EB972FFF866130405D462BA3C3134840,,true,,Trinkbrunnen mit Tränke
ea6e4b81-0966-46e7-97db-aac8570e060f,verified,vienna:2255256,outdoor_water_fountain,48.1972612331,16.3524213457,inactive,,2026-01-12 18:29:04.741631+00,0101000020E61000009E310A49385A3040717728DB3F194840,,true,,Trinkbrunnen mit Tränke
eabe66c7-8fb9-4f3d-9771-8bdb1e328548,verified,vienna:2255103,outdoor_water_fountain,48.1375568793,16.2747607037,inactive,,2026-01-12 18:29:04.741631+00,0101000020E6100000119EACB75646304077F7BC769B114840,,true,,Trinkbrunnen mit Tränke
eada652b-e148-4a8a-b6b8-d6cb5170039a,verified,vienna:2255081,outdoor_water_fountain,48.1782171603,16.3394124158,inactive,,2026-01-12 18:29:04.741631+00,0101000020E6100000A4B769BBE35630408989E5D1CF164840,,,,Trinkbrunnen
eafdd7df-aa9e-4c48-b326-4ebd9127024a,verified,vienna:2255743,outdoor_water_fountain,48.1959875538,16.4038293632,inactive,,2026-01-12 18:29:04.741631+00,0101000020E6100000C71B745C616730403DFFC21E16194840,,,,Trinkbrunnen
eb2f7945-dc75-4625-9fe9-09346a1159c1,verified,vienna:2254427,outdoor_water_fountain,48.1757625943,16.4937491349,inactive,,2026-01-12 18:29:04.741631+00,0101000020E6100000E4D2E257667E3040763081637F164840,,,,Trinkbrunnen
eb7802ab-b663-4f76-962f-50e4e86c41d6,verified,vienna:2255564,outdoor_water_fountain,48.1468185244,16.4014880126,inactive,,2026-01-12 18:29:04.741631+00,0101000020E610000061DA1BEBC76630405B5F0CF3CA124840,,true,,Trinkbrunnen mit Tränke
eb9c6bf6-c07f-48b7-8b3c-5fbb32167c84,verified,vienna:2255750,outdoor_water_fountain,48.2399678244,16.4737193109,inactive,,2026-01-12 18:29:04.741631+00,0101000020E610000096CC33AB45793040F4F10244B71E4840,,,,Trinkbrunnen
ec7ed63a-4ae7-4437-adfb-95ea07d05814,verified,vienna:2254416,outdoor_water_fountain,48.2452711315,16.3912443173,inactive,,2026-01-12 18:29:04.741631+00,0101000020E6100000A28C6B96286430400339600B651F4840,,,,Trinkbrunnen
ecd82519-903e-4c79-bf87-ae63f12b7ef7,verified,vienna:2255262,outdoor_water_fountain,48.2112503048,16.3455799164,inactive,,2026-01-12 18:29:04.741631+00,0101000020E6100000A817E7EC775830406931FF3F0A1B4840,,,,Trinkbrunnen
ecfac719-30d5-4892-8b4e-72fcba07daa2,verified,vienna:2255357,outdoor_water_fountain,48.1804773814,16.4171788936,inactive,,2026-01-12 18:29:04.741631+00,0101000020E6100000ED97683CCC6A3040EF6301E219174840,,true,,Trinkbrunnen mit Tränke
ed3e2b29-8b3d-4808-8c68-0b411f7eded3,verified,vienna:2255765,outdoor_water_fountain,48.1802582813,16.2898646289,inactive,,2026-01-12 18:29:04.741631+00,0101000020E610000086647D91344A304022820FB412174840,,true,,Trinkbrunnen mit Tränke
edf4582f-a149-4dd0-b8cb-6f21e6cb7f59,verified,vienna:2255764,outdoor_water_fountain,48.1955459025,16.2611212171,inactive,,2026-01-12 18:29:04.741631+00,0101000020E610000079BC0FD7D84230405A0DECA507194840,,true,,Trinkbrunnen mit Tränke
ee01408d-f923-4938-81b7-d6318353ab07,verified,vienna:2255417,outdoor_water_fountain,48.2159348476,16.3596818513,inactive,,2026-01-12 18:29:04.741631+00,0101000020E6100000594C1C1C145C30401F41CAC0A31B4840,,true,,Trinkbrunnen mit Tränke
ee794513-b50a-4493-90c4-430ceb81a55d,verified,vienna:2255082,outdoor_water_fountain,48.1787195657,16.3386609308,inactive,,2026-01-12 18:29:04.741631+00,0101000020E61000000B38967BB25630401DEB6048E0164840,,,,Trinkbrunnen
ee798f97-81cc-4313-84b2-03d7d4a897bc,verified,vienna:2255500,outdoor_water_fountain,48.2203170778,16.313045374,inactive,,2026-01-12 18:29:04.741631+00,0101000020E61000007D7EDBBD235030405DF39959331C4840,,,,Trinkbrunnen
eee7fa72-9630-40fc-a2ee-d7b40d7df753,verified,vienna:2255583,outdoor_water_fountain,48.2699282706,16.4380320439,inactive,,2026-01-12 18:29:04.741631+00,0101000020E61000008A2637DE22703040153F73028D224840,,true,,Trinkbrunnen mit Tränke
ef43bfd2-dfb7-4ade-9c0c-89953bd94c58,verified,vienna:2255513,outdoor_water_fountain,48.2359835997,16.3902080485,inactive,,2026-01-12 18:29:04.741631+00,0101000020E610000088F1B6ACE46330404B8DE9B5341E4840,,,,Trinkbrunnen
eff8c817-bcdf-4f21-bc0e-955a852bc1fe,verified,vienna:2255455,outdoor_water_fountain,48.2566226481,16.3621081615,inactive,,2026-01-12 18:29:04.741631+00,0101000020E6100000D741D71EB35C30404F80CC02D9204840,,true,,Trinkbrunnen mit Tränke
effb5be7-a5b9-4858-ac48-b3ae24d42902,verified,vienna:2255364,outdoor_water_fountain,48.1768307884,16.3601828195,inactive,,2026-01-12 18:29:04.741631+00,0101000020E61000006555F6F0345C30404C8D2A64A2164840,,,,Trinkbrunnen
efff79fc-b42f-4c60-b4a0-b9f39122b85c,verified,vienna:2254428,outdoor_water_fountain,48.1774939117,16.4908142281,inactive,,2026-01-12 18:29:04.741631+00,0101000020E6100000DA195200A67D3040CCFED81EB8164840,,,,Trinkbrunnen
f018bbaa-304b-47ae-ab38-54969c88b3d6,verified,vienna:2255576,outdoor_water_fountain,48.259171172,16.3922622541,inactive,,2026-01-12 18:29:04.741631+00,0101000020E610000093D0904C6B6430402BE75D852C214840,,,,Trinkbrunnen
f1f0185e-7903-406e-a0ae-a60def0230b5,verified,vienna:2255398,outdoor_water_fountain,48.2264605852,16.3693354969,inactive,,2026-01-12 18:29:04.741631+00,0101000020E6100000FA6F68C58C5E30402EA213A9FC1C4840,,,,Trinkbrunnen
f21bbb7b-e6f9-436a-beb6-36684f3c69eb,verified,vienna:2254423,outdoor_water_fountain,48.2025612506,16.4528150234,inactive,,2026-01-12 18:29:04.741631+00,0101000020E6100000F6A374AFEB733040C661ED86ED194840,,,,Trinkbrunnen
f2e67fb7-5103-4d21-a593-7af974b0a9e1,verified,vienna:2255090,outdoor_water_fountain,48.1812153181,16.2743655182,inactive,,2026-01-12 18:29:04.741631+00,0101000020E6100000B0D18FD13C4630400A63441032174840,,true,,Trinkbrunnen mit Tränke
f309139b-85e1-43c9-9f81-d65c467d1d53,verified,vienna:2255389,outdoor_water_fountain,48.1973114222,16.2742042977,inactive,,2026-01-12 18:29:04.741631+00,0101000020E61000004D0BBB4032463040F6BC2C8041194840,,,,Trinkbrunnen
f34220c6-8256-4b31-817a-9769f29dfb22,verified,vienna:2255076,outdoor_water_fountain,48.160755844,16.3240599964,inactive,,2026-01-12 18:29:04.741631+00,0101000020E6100000D97A8E98F5523040794FC2A593144840,,,,Trinkbrunnen
f4472052-320d-4171-9f8a-0b76bf8baa43,verified,vienna:2255117,outdoor_water_fountain,48.2317512904,16.4498593472,inactive,,2026-01-12 18:29:04.741631+00,0101000020E61000001F0670FB297330407289BA06AA1D4840,,true,,Trinkbrunnen mit Tränke
f53bc3c3-bbf0-419c-aadf-b83284b70272,verified,vienna:2254419,outdoor_water_fountain,48.297745489,16.3471319686,inactive,,2026-01-12 18:29:04.741631+00,0101000020E6100000798804A4DD583040ADE430861C264840,,,,Trinkbrunnen
f5f5771e-dea8-4b73-aad5-780d9403b0ce,verified,vienna:2255604,outdoor_water_fountain,48.2259470595,16.3963226834,inactive,,2026-01-12 18:29:04.741631+00,0101000020E6100000B0DD43677565304006974FD5EB1C4840,,true,,Trinkbrunnen mit Tränke
f62bd252-1fd4-4e15-8553-dd679b8804fa,verified,vienna:2255273,outdoor_water_fountain,48.2251062832,16.4973797366,inactive,,2026-01-12 18:29:04.741631+00,0101000020E6100000DD634647547F3040EB3B5E48D01C4840,,true,,Trinkbrunnen mit Tränke
f63ca7d8-8dde-4efe-b8e9-d1c9dac741a0,verified,vienna:2255250,outdoor_water_fountain,48.198407511,16.3310655648,inactive,,2026-01-12 18:29:04.741631+00,0101000020E6100000D4A57DB6C05430404C83D56A65194840,,true,,Trinkbrunnen mit Tränke
f68e7a58-eb76-405b-b998-2938303f86dc,verified,vienna:2255309,outdoor_water_fountain,48.1877343398,16.3351665776,inactive,,2026-01-12 18:29:04.741631+00,0101000020E61000001681117ACD5530407AE3C8AD07184840,,true,,Trinkbrunnen mit Tränke
f69748d6-7b23-4425-9c64-de1ae110914a,verified,vienna:2255767,outdoor_water_fountain,48.2633833628,16.4432126562,inactive,,2026-01-12 18:29:04.741631+00,0101000020E6100000638D776276713040ACC4C88BB6214840,,,,Trinkbrunnen
f6bbeebe-a532-4626-9157-e2dc84db2e07,verified,vienna:2255617,outdoor_water_fountain,48.2482966415,16.4919744912,inactive,,2026-01-12 18:29:04.741631+00,0101000020E6100000952B4E0AF27D30407D79312FC81F4840,,,,Trinkbrunnen
f7846a5f-526f-4172-8b59-ea3342067053,verified,vienna:2255502,outdoor_water_fountain,48.2041497347,16.3154261921,inactive,,2026-01-12 18:29:04.741631+00,0101000020E61000000E5F5BC5BF50304005031994211A4840,,,,Trinkbrunnen
f814ad59-6ae0-4a5c-b030-b9ff15e3287a,verified,vienna:2255413,outdoor_water_fountain,48.2177838193,16.364424841,inactive,,2026-01-12 18:29:04.741631+00,0101000020E6100000ECF145F24A5D3040E9BE1657E01B4840,,true,,Trinkbrunnen mit Tränke
f8b85bda-9eee-4b09-a9ca-14f8d92dde27,verified,vienna:2255529,outdoor_water_fountain,48.1887543795,16.3169178867,inactive,,2026-01-12 18:29:04.741631+00,0101000020E6100000D9E4D68721513040F2767F1A29184840,,true,,Trinkbrunnen mit Tränke
f906a16e-0ff7-48af-a920-7881e2f9c1f0,verified,vienna:2254420,outdoor_water_fountain,48.2254090269,16.418675921,inactive,,2026-01-12 18:29:04.741631+00,0101000020E610000053515C582E6B30401D61F733DA1C4840,,,,Trinkbrunnen
fa59f470-681e-4488-921b-fa9a71d0c159,verified,vienna:2255575,outdoor_water_fountain,48.2128655292,16.3195371266,inactive,,2026-01-12 18:29:04.741631+00,0101000020E6100000D59A642FCD5130400C2E7B2D3F1B4840,,,,Trinkbrunnen
fa62cba7-41a3-4eba-86d9-fb8d56bed63c,verified,vienna:2255659,outdoor_water_fountain,48.1450014422,16.3934891574,inactive,,2026-01-12 18:29:04.741631+00,0101000020E6100000155D96B4BB643040980F42688F124840,,,,Trinkbrunnen
fa9be99f-9f8d-4807-ab93-bb296e3e796f,verified,vienna:2255092,outdoor_water_fountain,48.1903502797,16.2716736619,inactive,,2026-01-12 18:29:04.741631+00,0101000020E6100000890BB5678C453040480CE1655D184840,,,,Trinkbrunnen
fab91726-75f9-475d-84c2-518b53d341a9,verified,vienna:2255379,outdoor_water_fountain,48.1938579005,16.3563219595,inactive,,2026-01-12 18:29:04.741631+00,0101000020E61000002EE67AEA375B3040FF5BEF55D0184840,,true,,Trinkbrunnen mit Tränke
fad3d10e-5370-4860-acf1-a18f9a136f62,verified,vienna:2255321,outdoor_water_fountain,48.2338940724,16.3870367641,inactive,,2026-01-12 18:29:04.741631+00,0101000020E6100000BF2864D714633040D7D7AF3DF01D4840,,true,,Trinkbrunnen mit Tränke
fae1db3e-3a20-4919-bfdb-4cfdcd19d8ef,verified,vienna:2255751,outdoor_water_fountain,48.2399071762,16.4737208285,inactive,,2026-01-12 18:29:04.741631+00,0101000020E61000006ED7A9C44579304067ED4147B51E4840,,,,Trinkbrunnen
fbb0e102-fdde-4a0d-b559-ce6824eacf43,verified,vienna:2255022,outdoor_water_fountain,48.1680658021,16.4305284564,inactive,,2026-01-12 18:29:04.741631+00,0101000020E6100000413CE81C376E30403ACC212E83154840,,true,,Trinkbrunnen mit Tränke
fcb1a1b4-8af9-43bf-ae28-84e041dd215f,verified,vienna:2255525,outdoor_water_fountain,48.2233875268,16.3672706061,inactive,,2026-01-12 18:29:04.741631+00,0101000020E61000004AFB4972055E30405DF864F6971C4840,,true,,Trinkbrunnen mit Tränke
fcbd8454-d2c1-4d76-9669-4bd89544b867,verified,vienna:2255329,outdoor_water_fountain,48.2060529812,16.3875124015,inactive,,2026-01-12 18:29:04.741631+00,0101000020E6100000A73C430334633040A8BFAFF15F1A4840,,true,,Trinkbrunnen mit Tränke
fe263e0e-61b8-43ee-86e3-37a3dd6fcb84,verified,vienna:2255295,outdoor_water_fountain,48.1911505876,16.3987811046,inactive,,2026-01-12 18:29:04.741631+00,0101000020E61000000F85BA8416663040352D599F77184840,,true,,Trinkbrunnen mit Tränke
fea7ccf6-245d-4d45-9517-2b6f440412c9,verified,vienna:2255557,outdoor_water_fountain,48.2946352478,16.4172232945,inactive,,2026-01-12 18:29:04.741631+00,0101000020E6100000C3015525CF6A304062C6989BB6254840,,,,Trinkbrunnen
ff017d5f-84e6-4344-92df-8d2212a74d09,verified,vienna:2255388,outdoor_water_fountain,48.1968639194,16.2753447319,inactive,,2026-01-12 18:29:04.741631+00,0101000020E6100000EAA20AFE7C463040EECA3FD632194840,,true,,Trinkbrunnen mit Tränke
ff5162d2-69f0-4e32-a395-b514fe2931a8,verified,vienna:2255547,outdoor_water_fountain,48.246029275,16.4723925535,inactive,,2026-01-12 18:29:04.741631+00,0101000020E61000000C28E8B7EE783040E6FD24E37D1F4840,,true,,Trinkbrunnen mit Tränke
ff756971-23f0-4fd4-b20c-c99aa531294b,verified,vienna:2255755,outdoor_water_fountain,48.2093112848,16.3587058627,inactive,,2026-01-12 18:29:04.741631+00,0101000020E6100000122EBD25D45B30402B7351B6CA1A4840,,,,Trinkbrunnen
ff7d2c74-6674-47ae-b6bf-441dfd7b6a3d,verified,vienna:2255447,outdoor_water_fountain,48.2499930657,16.3129124695,inactive,,2026-01-12 18:29:04.741631+00,0101000020E61000005A0317081B50304042B4D4C5FF1F4840,,true,,Trinkbrunnen mit Tränke
ff989774-53b6-4db6-92fc-64db4c43a6b6,verified,vienna:2255657,outdoor_water_fountain,48.237084231,16.3192924701,inactive,,2026-01-12 18:29:04.741631+00,0101000020E610000045F0BC26BD5130406A45ADC6581E4840,,,,Trinkbrunnen